chroma_stft,rms,spectral_centroid,spectral_bandwidth,rolloff,zero_crossing_rate,mfcc_1,mfcc_2,mfcc_3,mfcc_4,mfcc_5,mfcc_6,mfcc_7,mfcc_8,mfcc_9,mfcc_10,mfcc_11,mfcc_12,mfcc_13,mfcc_14,mfcc_15,mfcc_16,mfcc_17,mfcc_18,mfcc_19,mfcc_20,label
0.3249196,0.022398481,2084.217421470479,1218.0867581710033,3153.6740522664704,0.1374492851622875,-491.60742,67.97247,8.536622,21.484945,19.123165,1.045589,-16.596197,-6.222138,-7.7803254,-10.101427,-6.042404,-4.801095,-5.52387,-8.844734,-6.0751824,-3.2697372,-8.045405,-7.596706,-8.414668,-8.675213,REAL
0.32782674,0.023921749,1951.7860896399077,1441.1567715938345,3205.8596202726526,0.10915840538060279,-488.43848,61.403545,26.00371,25.890429,22.663933,7.9788947,-12.756191,-1.4936565,-1.6067406,-8.985401,-9.310129,-2.6677237,-1.7364116,-9.767786,-6.627184,-3.8905609,-8.537563,-5.0363436,-9.781763,-8.757393,REAL
0.33778864,0.029764703,1806.7661885407783,1376.1688767895646,2813.1948385577666,0.10805618781394899,-458.5054,69.96662,-1.6252444,-0.825355,-6.544525,-6.5811634,-12.167872,-12.301165,-12.100139,-2.7642248,-10.5272665,-7.278201,-8.734935,-4.4796634,-8.899043,-11.84647,-9.573208,-8.74053,-5.834911,-4.3377905,REAL
0.31490463,0.030108156,1732.6847152566427,1017.0224647517807,2634.056560628381,0.11866932416441267,-490.27414,68.099464,23.988298,20.310532,19.089014,9.37865,-5.9250803,2.651534,-3.6112525,-8.040572,-4.9135303,-2.5903986,-5.28226,-9.143073,-7.5837007,-7.943367,-7.1058598,-2.4204879,-10.324329,-9.542696,REAL
0.31781182,0.02204219,1707.2950432245934,1381.48793866698,2859.3743764210044,0.10458137819272446,-473.54895,55.865524,14.9746895,18.821589,19.4616,5.993261,-12.481693,-1.0407685,-5.9432034,-6.2816343,-1.0134509,-4.733916,-3.4249117,-9.601941,-7.274724,-3.1821787,-7.8638453,-5.2909765,-9.733001,-10.232399,REAL
0.37219286,0.026902972,1490.9800173314907,1244.029735016358,2459.735796072015,0.08625258102299073,-474.76428,86.99584,27.216263,26.23354,15.478405,8.486114,-6.498896,-0.54376525,-4.1884003,-9.545937,-5.353033,-3.7170165,-1.3130087,-7.418168,-4.492465,-0.9639638,-6.549389,-1.3206571,-3.8507338,-6.508279,REAL
0.4162389,0.02693758,1012.5283881203117,847.5935343587118,1633.7401209970008,0.06483785434404024,-492.8606,94.03979,26.763243,18.370909,9.804935,-4.0068736,-15.958742,-14.892475,-16.32056,-12.584077,-9.435692,-3.4174669,-2.4549406,-6.055437,-2.9588366,-2.0187633,-5.8946323,-4.833007,-3.19421,-4.4817977,REAL
0.32529312,0.016692506,1542.7066783140028,1040.2476342787188,2446.043542442676,0.1078050926373839,-522.264,61.785725,19.06708,16.7326,21.282974,7.5719066,-11.531326,-2.8278358,-1.5826263,-6.50707,-3.8523407,-0.94973195,-7.0317655,-12.347507,-10.338993,-2.5438051,-7.5110354,-9.862994,-8.777678,-10.402318,REAL
0.32680523,0.027511034,1920.2939301464585,1281.8628976705706,2928.986053592591,0.11691377267106348,-474.8283,69.73122,13.596346,20.613194,27.655407,9.322452,-12.536206,-4.463963,-4.885967,-8.269356,-3.942647,-3.887829,-3.5249708,-9.948042,-8.142314,-3.9137936,-6.674166,-6.0815544,-10.715971,-12.50398,REAL
0.4230709,0.018496756,1459.784929054818,1113.1091924303992,2413.9236568114857,0.08902227528496909,-517.40906,80.948845,24.43013,30.220325,10.587056,5.762351,0.8026013,-3.9248254,-1.2928933,-9.433651,-4.3221383,1.8063508,-3.3805,-4.978578,1.2006029,-0.018858567,-3.374609,-0.6749115,-3.2824175,-5.0928845,REAL
0.41356522,0.024050852,1694.4285005207203,1210.479075454103,2680.658790423036,0.08848056852263932,-486.5292,70.21681,22.212946,25.378933,8.788598,5.50357,1.8710525,-1.6891812,-1.7191633,-4.1679688,-4.2317595,-1.8521745,-3.3002815,-5.0245485,0.12962982,-0.8710119,-4.462709,-1.9584693,-3.3946993,-4.241349,REAL
0.3941551,0.021825314,1912.096586300011,1367.5525248903505,3079.11471434791,0.10142758018092106,-498.8496,63.55513,26.210678,32.265965,21.741299,5.783562,-4.0654087,-4.471538,-6.3119526,-4.358778,-6.638374,-4.5840917,-2.4768932,-5.254473,-1.2441832,1.4002689,-6.072676,-2.2851357,-2.7355118,-4.953632,REAL
0.39509228,0.026854176,1779.9407364549145,1554.5728902389674,3080.5313724482394,0.07156835030476007,-483.8802,66.59173,23.157719,18.692812,16.420574,9.378736,-8.139217,0.88233036,-0.104454346,-6.4427056,-3.235491,-2.5877943,-1.2278292,-7.559835,1.3711108,-0.9173858,-6.234776,-1.330552,-4.2217374,-4.6382885,REAL
0.42973167,0.021837847,1622.205539837442,1382.1922550766694,2672.729794061534,0.09569859688948995,-497.1064,77.021164,18.911055,17.880192,10.479096,5.0727725,-7.5797844,-0.35930225,1.8254162,-7.323229,-3.605279,-4.517193,-2.7525394,-9.363462,1.2111586,-0.14710651,-8.174155,-0.8739104,-3.7105095,-4.150445,REAL
0.4290907,0.022147473,1769.7178017882582,1408.8972648928932,2872.165443770484,0.08966949085032774,-498.96887,68.146835,22.298836,28.878403,16.274845,5.028883,-5.5686603,-1.3737274,-0.27763668,-3.6458833,-6.748252,-6.552801,-5.2691717,-7.248017,-0.62362194,0.6506653,-7.012619,-0.4718116,-3.301789,-4.421123,REAL
0.40910214,0.024556262,1850.9257419135777,1477.6494287462776,3147.5226340279123,0.08992122496613777,-484.31604,77.348076,30.121523,25.508116,11.672099,5.9747963,-3.8926053,-3.0282397,-5.726512,-6.6793776,-4.2145514,-2.1351023,-0.93263596,-5.74665,-2.2138894,0.2775276,-6.888655,-1.8774937,-3.3412035,-5.0362854,REAL
0.4062844,0.03027069,1849.2899361187117,1385.616066321906,3050.234801397073,0.07755370339064915,-491.39722,69.96257,26.478676,29.273447,17.612427,8.67333,-1.4911277,2.607783,-1.8657396,-6.936307,-4.94008,-5.283406,-3.3704107,-6.7066917,-5.110007,-0.28812084,-6.867817,-0.117146984,-2.3579874,-4.810065,REAL
0.40266564,0.027056685,1808.984695873115,1443.4226058396473,3050.8732184537057,0.09034223526993033,-475.33292,64.586296,16.416681,22.681543,12.556624,4.927492,-8.603813,-1.9036242,-4.657981,-8.287982,-4.5012474,-5.0237117,-3.4664636,-7.956388,-3.1325212,-0.4632644,-6.43321,-1.6640803,-5.927896,-6.474644,REAL
0.38301325,0.015720911,1969.195055439365,1567.3410181785778,3348.8047502358263,0.11649551627805728,-501.67743,59.318142,12.509385,19.36959,11.875191,4.7217126,-7.4088693,-0.60712135,-3.7588763,-7.164402,-5.474989,-6.471946,-3.6322062,-6.7975373,0.1535713,1.0825464,-4.9370723,-1.4453218,-5.6367536,-5.5711594,REAL
0.4249232,0.022618627,1309.1415325641149,975.8957585527345,2087.7873754353714,0.08186042714783281,-526.86017,81.68935,25.86278,20.291142,17.53773,6.509453,-1.7149012,-2.982084,-5.994161,-4.6374373,-3.2791858,-2.2057314,-6.391361,-5.566474,1.6070844,0.05920939,-5.932736,-3.0437498,-1.8685586,-5.473549,REAL
0.423235,0.019543776,1426.3311644789362,1028.2434392805585,2289.936153069369,0.08373809279057018,-506.40564,74.147705,25.475685,18.334282,13.399371,5.986594,-4.431967,-3.7463253,-3.75094,-4.742785,-3.8005269,-0.9009491,-4.7735624,-4.982021,1.3486165,-0.48769215,-5.960894,-2.8991823,-2.8008788,-5.2525396,REAL
0.41669294,0.022364516,1361.501990148683,1204.8981297972139,2346.7941425902186,0.06571502213138544,-516.7657,83.05795,33.374,20.887335,17.481667,10.318301,-4.643865,-5.943552,-2.0725543,-5.8354816,-4.082144,1.4290484,-1.4611117,-5.4165487,-0.33981735,0.62970895,-5.3865547,-1.5418662,-3.75013,-3.7273104,REAL
0.4246229,0.019314917,2146.194302061923,1468.2263263975447,3441.100840421866,0.11065478997388277,-506.33365,47.55044,10.447659,20.930765,13.85638,3.3303032,-1.0211977,-3.8837228,-5.777104,-6.024185,-5.9894238,-4.0318723,-3.8511324,-1.097714,1.8668576,2.6304462,-2.3855338,-2.461387,-1.0276152,-2.8218946,REAL
0.41887942,0.026459724,1657.6149584121308,1362.8311020969177,2780.1998551785023,0.0839673683001161,-485.3157,78.398315,26.900736,20.900108,15.55775,9.568759,-8.980637,-3.8613477,1.5805134,-8.397008,-5.248571,-1.0905932,-4.0787864,-10.037799,-0.1873745,1.1234331,-7.3014965,-0.64037186,-6.3358293,-5.082193,REAL
0.38558814,0.022697844,1603.8717844547498,1136.2985283990438,2579.1010711953368,0.08521981726489938,-514.36273,72.3341,32.786594,26.418192,14.531532,7.083708,1.0986952,-6.3688936,-6.1038976,-3.7915096,-3.853876,1.0531539,-5.0994673,-8.32521,-0.51448756,2.3051732,-7.024027,-5.253974,-1.1339086,-4.145526,REAL
0.39357173,0.0331105,1760.6860057365955,1404.3513341443836,3125.5760511253866,0.07138000205274343,-452.5084,79.646194,21.688883,30.251907,16.301521,8.088338,-9.575731,-2.5658958,-5.4113345,-9.355808,-7.394617,-7.259328,-2.286796,-7.439769,-3.5614178,-1.6382477,-5.359473,-2.4353926,-5.0415006,-4.9295025,REAL
0.33488452,0.04154024,1512.3993675306892,993.1576075547035,2375.791249577376,0.08964451313755796,-462.4962,88.312775,34.42327,24.132286,4.906253,6.950838,-7.7477126,-1.0565587,-6.718324,-12.627325,-7.0935335,-0.97888523,-2.104246,-10.178859,-0.26853496,-2.0832183,-7.2496033,-0.7068906,-5.855659,-5.208904,REAL
0.37063724,0.031072985,2115.28488151788,1234.340462212303,3220.0375870906587,0.1084474920305255,-477.308,71.26781,10.16219,19.92284,8.266114,9.472261,-9.044446,-2.0926185,-6.8120427,-9.853438,-5.344465,-5.0993695,-2.291009,-5.9190474,4.140889,-0.17559965,-6.061424,3.7664483,-2.8530505,-8.004222,REAL
0.35008553,0.037553538,1349.0585325550949,888.7275203717484,2115.6704886434986,0.06773525043469861,-489.46387,106.05965,37.386353,21.264133,14.893256,9.320289,-6.2457495,-1.1847167,-4.817573,-9.620456,-4.0701222,0.36915287,-4.784394,-10.627793,-2.6978493,1.855685,-4.5497847,-5.0792274,-5.1098866,-4.8295383,REAL
0.36049986,0.034985673,1663.0041536676829,1232.6257396456872,2753.920287142581,0.08039396070807574,-453.97687,87.08421,20.888906,30.05087,13.813401,5.688992,-8.954008,-1.1506363,-4.619095,-5.8984675,-5.2458043,-4.12985,0.906204,-8.196311,-1.6691464,-1.4004576,-8.303763,-0.61984426,-3.615195,-6.626381,REAL
0.34212554,0.03435366,1648.869478607925,1121.193886572594,2618.297717228555,0.09179800702762751,-479.47653,85.86902,37.78917,29.226303,14.5175295,5.1129513,-15.418285,-4.295488,-5.74013,-10.598157,-4.7986536,-4.2275863,-4.698483,-11.4288225,-3.5134237,-2.2377071,-9.402719,-2.1608331,-3.5728827,-6.2205067,REAL
0.3858474,0.035586137,1526.7364334921813,1050.3752640161774,2451.906296790475,0.08105166875965997,-493.04767,95.87877,35.838867,23.637217,11.242204,6.682732,-4.803929,3.2387383,-5.1189914,-11.193123,-3.4319756,-2.551326,-5.814309,-12.732266,-2.1095476,0.674631,-4.8633957,-0.14947806,-2.5646453,-4.5032816,REAL
0.3325486,0.040041924,1640.5846710175003,1170.556061457575,2656.696377360655,0.09419526420015456,-430.91766,82.33789,15.503766,29.628996,14.749381,3.9697363,-8.353029,-0.16684742,-4.522335,-5.9305615,-3.5497074,-2.9290903,-0.5273332,-6.799133,-1.9518745,-2.2482882,-5.4770923,-3.439863,-4.7948923,-3.5688782,REAL
0.36743447,0.034572165,1433.1342714041552,986.0587616807139,2249.0881517460393,0.07709674157167697,-498.3824,94.18549,44.1912,29.084627,11.4447975,5.221279,-9.478752,-4.549339,-12.157502,-13.707182,-7.4063096,-1.4064966,-2.3467362,-7.4879622,-2.9165337,-3.8783388,-5.130278,0.40339553,-3.1110313,-5.655029,REAL
0.35107788,0.035146043,1767.9455093509625,1201.3658924278545,2749.119414575686,0.08498735147797527,-472.6026,90.2229,29.082218,26.629858,13.636485,10.297047,-15.652074,-0.5376441,-1.175369,-10.180411,-4.0478168,-1.3743198,-4.0920258,-9.667787,-1.8820863,-3.2019794,-7.2080455,-3.7106164,-6.9368587,-6.5807233,REAL
0.35626113,0.03505326,1530.5570991189177,1032.953299320195,2367.5273505526798,0.07074635981037151,-481.99994,85.62307,39.0078,28.53477,17.481508,8.079082,-2.2881749,-1.516318,-2.7933402,-3.5301676,-4.241926,-3.589648,-5.9982963,-9.714868,-6.936681,-3.1974878,-5.923996,-3.4753592,-2.8719351,-5.1082916,REAL
0.37808484,0.03412218,1754.2316114926912,1245.7981980583347,2862.6689189189187,0.08340560147200772,-446.83002,90.687164,20.29634,30.59872,14.561019,5.046158,-9.40809,-2.5472581,-5.8076525,-8.604606,-7.331719,-4.2514343,-1.4246054,-8.120324,-1.414697,-2.1189067,-5.7829466,-2.5986938,-5.480237,-3.8854387,REAL
0.39503494,0.034387477,2131.4215786209766,1432.2904199838556,3431.337584504402,0.09452928478134674,-461.30515,66.29307,0.9674148,30.645052,16.870617,10.889465,-7.303929,0.9258597,-5.26622,-9.916369,-6.418334,-6.7410016,2.6086574,-8.0876045,-3.1176372,2.0638683,-5.222435,0.50721145,-4.2745533,-5.5639534,REAL
0.39124152,0.03189515,1902.1782307212184,1350.3631042186237,3100.6812506046826,0.09105462703173374,-482.09326,82.21984,22.46417,31.32335,7.8684144,6.4463267,-7.020645,1.5820609,-7.5893464,-13.406652,-5.1251373,-4.3320894,-3.249796,-12.6146965,-2.4620867,0.37323368,-5.7716203,1.1197854,-6.0199885,-5.6216507,REAL
0.33709407,0.028707575,1581.2520374037163,1045.7304423133717,2404.010463277622,0.08662797201528638,-517.9682,87.06689,35.89431,29.564722,16.550741,4.720403,-5.217717,-5.4840536,-10.103272,-11.304325,-6.23133,-1.559758,-2.3639996,-7.3652916,-3.8096588,-1.2499073,-3.945751,-5.160477,-4.764827,-7.792321,REAL
0.38401133,0.035793353,1760.6526838256552,1175.5179989246626,2885.133043433636,0.07337161599207882,-475.16794,90.06171,28.72639,18.933084,10.619402,10.366877,-4.09103,-4.045007,-3.7024763,-4.4824233,-5.975893,-0.8434005,-1.4382586,-9.39854,-0.4486016,-2.0469341,-5.966111,-1.3958704,-2.6059227,-5.329642,REAL
0.34532005,0.029300341,1758.0394627034761,1186.8831088288437,2812.641325676035,0.08869182952786378,-482.44345,83.156456,11.472167,25.831747,7.5590353,0.6759202,-10.302236,-0.53052014,-4.8692307,-9.121825,-4.5815597,-6.367678,-2.289408,-8.690011,-3.4443455,-0.16035241,-6.5958314,-3.6752555,-6.578193,-6.8147087,REAL
0.3435427,0.02817224,1743.6887264603413,1018.7553130813367,2615.90918195506,0.114689404750387,-472.70587,97.577,12.230374,20.51517,3.8950737,-0.20812234,-14.8781595,-11.062824,-3.2175543,-1.7502859,-1.1139109,2.1111925,-0.51739955,-8.490711,-0.7609962,0.023863329,-6.796109,-5.0450525,-3.9830072,-5.7054234,REAL
0.37044168,0.034363672,1527.895982034192,1113.3169716217496,2466.7684171221945,0.07899460925406347,-477.3125,97.53443,29.350674,26.072985,8.758929,-1.968885,-7.9997816,-6.8537354,-12.625499,-13.740312,-7.1295094,-0.28980663,-4.2581406,-13.18331,1.9282589,-2.2346046,-9.703261,-0.6525496,-4.734415,-7.4735665,REAL
0.37622765,0.028643187,1674.6060521294676,1108.0056409367348,2619.6123409123843,0.08810042745363215,-500.20673,87.02176,30.709887,31.666622,17.64251,0.5267124,-14.763551,-3.7372427,-3.2605538,-9.322271,-8.603884,-4.1881943,-6.735688,-8.700103,-1.0452052,-2.2648718,-8.362581,-3.9734588,-1.255433,-6.129135,REAL
0.3686128,0.028160721,1682.267228329739,1152.455061787789,2730.283490349265,0.08995259287925697,-485.97272,90.88637,18.800194,23.533957,14.705211,2.8936234,-16.216204,-3.0690944,-9.130895,-12.912928,-4.4008937,-0.93319327,-4.987771,-12.341991,0.8925063,0.016140515,-9.55663,-4.190705,-2.216536,-4.192073,REAL
0.37633672,0.03689048,1990.8869697140706,1284.9111604747227,3113.4698646698707,0.08938980692136785,-480.43848,87.31314,34.770134,27.812344,7.348941,0.54911387,-14.069878,-6.0437374,-10.8687,-13.389589,-6.420396,-1.6190274,-4.453041,-11.260765,0.5350932,-2.2047522,-7.3105454,-1.5054308,-2.5625324,-4.2853446,REAL
0.36648217,0.036770742,1747.8736670685023,1183.8327279212701,2741.3917565124325,0.09125681779702012,-472.84076,83.742874,35.423717,35.703335,10.048174,7.3623643,-5.4880166,-5.5765915,-8.32778,-14.131079,-5.0280037,-1.5509753,-9.732143,-8.334843,0.71922994,-4.556488,-9.190908,-0.7585598,-3.761537,-5.8165255,REAL
0.36614177,0.033318494,1860.9686971649833,1367.8753425605719,3104.072896762529,0.0838766659007353,-467.26257,92.45697,18.854841,22.87452,14.734339,0.73549646,-17.199364,-1.6802608,-8.215629,-8.86282,-6.169064,-4.1427207,1.2265912,-10.031363,0.42879465,-0.15127805,-10.77323,-1.7778049,-5.883407,-4.282936,REAL
0.40627944,0.026124086,1870.1899014633334,1299.0653168019683,2947.0238464166505,0.10155494146671827,-493.56042,79.88473,32.23796,17.829721,9.965113,11.979946,2.3828158,-4.404953,-3.5892792,-2.559589,0.35277653,2.6861784,-4.1577597,-7.4729633,1.0099658,-0.25489458,-6.815877,-2.3192384,-3.7218807,-5.4368834,REAL
0.35544968,0.031744357,1576.0305934683367,993.1237640901492,2437.368594898897,0.08963173314144737,-492.6963,82.77361,38.834778,25.997221,6.220247,7.629796,-5.1754003,-6.4191055,-9.375237,-8.526104,-4.0052342,-3.4512935,-5.036036,-9.326392,-4.566162,-4.0476823,-6.071838,-2.4472928,-4.680188,-6.293046,REAL
0.36921668,0.03580398,1400.2561636329344,867.0489619832443,2128.65379498839,0.08342995658378483,-485.21158,91.71912,40.262856,31.56174,17.228966,9.589971,-7.257063,-7.5602307,-10.387141,-10.945585,-5.6784883,-0.6928968,-2.7760513,-6.657364,-0.6406078,-1.1885703,-5.234611,-2.3577247,-2.5289788,-3.870227,REAL
0.36500043,0.02232663,2007.4751827173918,1552.0558280583318,3301.5530506095797,0.10611514853989977,-500.1782,75.23865,29.482346,22.874765,12.849994,7.530631,-8.678419,-6.4977646,0.05045958,-2.847207,-2.9629989,-1.2195088,1.3355751,-6.1700377,-1.54469,1.323169,-5.96037,-1.2509185,-5.4865904,-3.1654415,REAL
0.40203056,0.023634417,2121.1872651308677,1548.990762257286,3424.952473706772,0.10659775888717156,-482.93112,81.699356,30.79083,16.34251,12.097701,8.895516,-11.027988,-1.0205573,1.791035,-6.8401484,-3.6725874,1.707462,1.6479877,-7.225681,2.1047802,2.5533395,-7.578222,-0.40383938,-5.014941,-4.935819,REAL
0.35597447,0.033249125,1942.2292913886815,1654.8529149074786,3327.478951832979,0.09832263693006182,-452.37286,72.12926,31.099003,23.291195,10.875314,1.7367419,-5.720023,-1.9070747,-0.37101895,-6.649155,-3.3128676,-0.08918501,-1.7460294,-5.262856,-2.4606771,1.9400738,-3.9178782,-1.4040271,-4.5508394,-3.4544737,REAL
0.36678636,0.026530517,1916.8225681669905,1266.0902970185145,2958.69877581995,0.12695388085332818,-468.87674,76.88875,26.644484,22.873583,9.866577,0.59551096,-3.4417963,-7.182624,-5.6194797,-4.341721,-5.479249,0.049279936,-2.324659,-5.307917,-1.1218437,-1.2237806,-6.024781,-2.0165608,-4.050079,-5.073311,REAL
0.36870164,0.018227538,2298.5882272949384,1689.1009766235177,3811.809614084235,0.12667351417600464,-485.1871,57.01204,25.233942,22.080864,10.93353,2.8446813,-6.9473457,-2.6551638,-2.109814,-0.28488392,-1.315011,-2.0473375,0.48570982,-3.6147609,1.2419394,0.4031925,-4.5522943,-0.24298501,-3.7784474,-1.5860441,REAL
0.32925212,0.048376195,1625.25733001081,992.8311455289843,2534.3781319431027,0.11286843725850078,-424.63138,88.860535,26.050365,37.74137,6.9137464,2.7656941,-10.558303,-14.371633,-11.813769,-5.937795,-5.275019,-0.41836303,1.9119473,-1.7740381,1.9954145,1.2620713,-4.4450865,-3.9877768,-4.8762174,-5.281671,REAL
0.3908436,0.0207741,2361.428440450483,1391.9855852337137,3662.1754854134465,0.16081735413446677,-486.0388,62.34981,13.578164,29.631544,9.801628,8.041731,-8.31716,-7.0078783,-8.226609,-4.415601,-8.588256,-5.207307,-1.4467965,-6.082933,-0.15815452,-1.0075759,-5.90295,-1.0084801,-4.8323874,-4.1476626,REAL
0.3725528,0.035210256,2185.6290214035425,1673.0689112518376,3728.1774562209753,0.12732122557082043,-450.1097,73.62678,28.886423,21.334564,14.041834,6.348997,-7.3634377,-9.541957,-7.685322,-9.23793,-7.899503,-3.6280065,-0.94213384,-6.275373,-0.6525708,3.0932667,-7.753838,0.8746856,-4.6146574,-3.2035906,REAL
0.31830296,0.043857038,2339.3695627632133,1363.2988302200288,3725.7858040163023,0.16677487966815016,-416.74515,71.446686,-20.993015,25.177876,-15.082299,-27.27631,1.9471242,-29.397192,-19.85159,-0.20763555,-14.570711,-8.78305,-2.5665956,-6.195527,-1.7191834,-2.085333,-11.77647,-3.6587057,-3.1454394,-7.1249137,REAL
0.32780004,0.03799737,2133.8189856941967,1233.4425639611852,3254.492376171271,0.1587287631617079,-446.87964,79.948395,-21.034924,24.695337,-14.271428,-28.306297,7.07887,-28.363655,-18.977417,-3.55243,-10.404161,-10.472967,-7.181231,-7.3093863,-1.5255098,-3.7700262,-7.9031243,-3.3614497,-6.986025,-4.4229302,REAL
0.37057993,0.029288301,2361.666451355494,1634.507338271025,3824.5768733068885,0.1273699781104876,-463.51266,68.81459,22.30355,24.527157,14.1571665,2.5187764,2.7296093,-9.719692,-6.011474,-6.0923996,-5.3735504,1.4283134,-3.8370652,-6.045676,-0.8169393,1.0105816,-6.4471006,-1.188486,-2.9227288,-4.5212264,REAL
0.3683533,0.028701246,2374.5049809331786,1821.9371582099488,4066.7420756337074,0.1139993106617647,-463.6403,65.17047,21.402304,20.476238,14.818047,2.7590203,2.3081157,-10.490753,-5.9125953,-3.2279027,-4.102896,0.81658083,-2.029555,-5.4699664,1.1283624,-0.3158126,-5.999557,-1.4137161,-4.293637,-3.1332552,REAL
0.38257143,0.02879577,2012.3448268803818,1514.5459842028995,3344.693865768692,0.10951537142581144,-471.73608,75.74831,14.558491,18.569685,11.5962,4.044065,1.4173523,-6.4366555,-2.1256363,-1.2938012,-1.3999565,0.8215139,-3.0056353,-5.9897723,1.1217848,-1.864221,-5.282378,-0.9714168,-2.5463367,-4.386186,REAL
0.34683943,0.031963553,2120.1851664084843,1441.5068455860476,3344.7297748766446,0.12131294746517028,-451.5741,72.54149,14.821147,30.874033,20.663647,5.5964093,0.17673908,-9.674931,-4.304224,-1.4446924,-8.109075,-2.7032993,-2.2300239,-5.5379844,-0.5011537,0.97465664,-5.354769,-1.3554071,-2.0126324,-4.662192,REAL
0.3364185,0.024986878,2044.1959432039255,1441.4381799124872,3302.713362277477,0.1118421052631579,-479.89426,76.527794,17.187065,23.406654,11.060519,1.9763126,-2.5682998,-8.042249,-2.637419,-2.6962516,-5.2564745,0.3751105,-3.7321997,-7.0578136,0.7220542,-2.6948683,-5.738971,-1.528528,-2.8659573,-3.915039,REAL
0.3682397,0.028092405,2317.0082182570372,1446.1245809396767,3544.1119025735293,0.15162682311822756,-476.39304,72.576614,21.692171,23.65594,12.867993,3.216419,-1.858069,-12.243606,-5.542106,-3.752808,-6.699385,0.74286306,-1.9786296,-4.891561,2.6362,0.33236113,-7.410067,1.1977577,-2.6065989,-4.845896,REAL
0.3698887,0.030045971,1827.875469527229,1328.2491848803566,2980.526464541876,0.10874559263910355,-469.78198,81.96859,22.419632,24.232716,13.647713,5.441348,1.8902147,-9.059203,-6.2174497,-5.1633425,-5.2862034,0.8775614,-2.581923,-5.849666,0.9782372,-0.76603645,-5.975516,-0.74235713,-2.5844593,-4.915128,REAL
0.35197708,0.02538095,2034.796134294495,1320.9003240279378,3188.819434801246,0.13184914448898763,-474.10858,80.80019,19.475515,23.265022,10.536353,2.2311325,-5.152178,-11.504495,-6.0512543,-4.015186,-6.330487,-1.3329047,-1.4520746,-5.487656,1.1114459,-1.1429104,-7.6775494,-0.2807604,-3.8167503,-5.471514,REAL
0.35298023,0.0262972,2214.1458227058897,1556.1584225334814,3639.344660047407,0.13220290429082818,-467.44397,74.37702,20.577387,22.506424,13.879006,4.0512133,-7.4585295,-7.2348967,-6.794342,-5.977691,-7.202288,-2.3093839,-0.9895955,-6.6012616,0.5011159,0.108180046,-4.9060135,0.2521104,-5.0244203,-2.273945,REAL
0.37053668,0.028324516,1683.0122134648573,1240.3456105672044,2679.1004665126743,0.10395779919698142,-487.27878,81.0243,26.543446,27.03532,14.127228,8.530804,0.87808126,-0.55527574,-2.239898,-5.583189,-3.7197492,-1.0666339,-1.42199,-6.2803946,0.3652727,-0.949557,-4.041665,-0.72745556,-4.1245236,-2.4063826,REAL
0.3504167,0.02511252,1713.587556607775,1086.1950282187665,2640.03893043011,0.0985252698753864,-482.69348,81.91532,15.204465,32.50682,15.374088,6.2451196,-6.4917526,-6.260323,-5.8413296,-5.369672,-4.2420816,-2.9881172,-2.1564367,-6.272308,-0.92308474,-0.36984822,-6.509127,-3.713153,-2.7688649,-5.128535,REAL
0.3703481,0.017544298,1643.5924976825513,1206.938664313267,2651.792298308098,0.09578173374613003,-503.95297,80.19374,23.365686,25.804863,12.92398,4.03687,-1.532556,-5.322749,-3.807381,-3.3512292,-6.0199227,-1.8873094,-3.2173476,-5.2136807,-1.4143806,-0.95018077,-5.6370363,-3.024495,-3.3445776,-5.476254,REAL
0.34574082,0.044027407,1732.3015136593772,1276.9614039720275,2775.0498863196594,0.10051564314047988,-432.4523,83.40871,24.040956,36.489468,22.86645,5.819861,-2.9120033,-7.5792265,-6.3786263,-6.158452,-8.053575,-2.5651987,-4.359837,-5.9253445,2.0996835,1.6151123,-5.7165937,-1.8818698,-1.8542919,-4.395857,REAL
0.33657506,0.03239224,1518.7819410034037,995.1809120634351,2354.2690973901895,0.08503501112616099,-458.00406,91.166046,19.527046,28.411251,10.11208,5.2895546,-7.417408,-9.644045,-8.447264,-5.8626647,-5.825831,-3.9603834,-2.5365624,-6.123433,-1.6548789,-2.3858385,-5.6842885,-3.994282,-4.9244504,-5.134455,REAL
0.26135686,0.027876526,1569.9194016125211,1258.2046459066337,2564.242827707769,0.08640726284345976,-460.1345,57.082767,9.395618,19.326002,0.27070424,-5.4498234,-1.0244318,-1.8099785,-7.4978957,-5.323871,-5.9930077,-7.4401803,-1.0667995,-4.566717,-4.543981,-5.6367617,-4.980338,-4.908999,-3.417522,-4.1403055,REAL
0.3179455,0.023513572,2076.0006761376912,1422.6138593577557,3183.189085024429,0.12687565003386223,-464.66013,49.973373,4.319069,8.267066,-5.2822027,-6.0648236,-4.136786,-11.194424,-5.7252636,-6.126767,-5.075213,-5.7072225,-9.145665,0.7196647,-7.7047205,-4.0070214,-3.7473106,-1.4559312,-6.6687093,-2.2225854,REAL
0.3133024,0.052312963,1977.391337659554,1602.7901844875944,3417.9595122466217,0.09040480212355212,-422.4361,63.42116,3.3130538,2.8316398,-16.090893,-22.971724,-8.6838875,-9.660236,-13.5897665,-15.409481,-8.526669,-13.53817,-10.042504,-0.69938457,-16.784615,-12.93577,-8.68671,-7.8089867,-11.771491,-8.431837,REAL
0.37187424,0.04825065,1462.309710602287,1509.4101455359328,2564.8539115287163,0.05554038972007722,-427.87518,63.293755,15.096412,20.743511,14.010334,-0.02056338,4.4549584,5.071148,4.6383014,0.53082716,-3.3869386,-4.736376,-3.9167476,-1.1132296,-5.544472,-5.9950137,-3.810715,-4.4636497,-6.516926,-4.209036,REAL
0.2883336,0.0390296,1419.1619653841128,987.5563384005063,2156.820291336107,0.09724355408281733,-469.50812,97.36725,18.127474,3.6533952,-11.5563545,-5.6417933,-11.014158,-9.139371,-0.57445556,-0.2065766,-0.42577285,-3.8807278,-8.402196,-5.466479,-8.789222,-6.809236,-6.872963,-6.290579,-6.236273,-1.0328307,REAL
0.24650387,0.037719294,1275.8065183958215,1155.83681326586,2018.654588938128,0.07143886748937403,-455.91742,67.36105,21.94898,20.073557,0.90775067,-13.351203,-1.9864618,-2.0381567,-3.027841,-5.188356,-7.025629,-8.381335,-7.8176184,-5.3472176,-5.32025,-8.009471,-7.1992054,-3.8472314,-6.7040014,-6.161537,REAL
0.31391516,0.025139278,1431.626437595356,1063.9450077805604,2274.6362455858166,0.09008335550503097,-493.79834,63.702213,13.997778,15.760277,13.818961,-6.9429874,-3.0442119,-8.77178,-9.609131,-8.419638,-10.15805,-7.2995825,-3.708476,-5.6553874,-2.217223,-1.7130176,-6.286398,-4.767029,-3.0039933,-3.8752918,REAL
0.3537686,0.051790573,2008.6540866050373,1415.1569147619332,3227.947147711881,0.12159299112325851,-420.06918,87.96917,28.047583,7.5806146,6.497971,0.05773548,-11.556318,1.3399628,-4.513246,-11.878057,-3.4617991,2.8869727,5.396323,0.679686,-3.0706317,2.6067836,-0.7063003,1.5099449,-4.69496,-3.778708,REAL
0.32186067,0.019163268,1485.8254555266915,1025.7875678174814,2248.6970928021155,0.09585217530428902,-467.7332,50.309803,11.278503,14.368672,6.125169,-0.52812845,-1.2227554,-3.088069,-10.063697,-2.238131,2.355801,2.40653,-5.5684805,-3.7852676,1.4755435,-1.1738502,-6.0581675,0.7538083,-0.10147386,-3.2171116,REAL
0.3046135,0.022655247,1946.377493237683,1130.0888691880702,2866.9030403243337,0.11354425775212519,-504.99982,65.562386,7.5116115,21.64841,9.877092,1.5356132,-8.254115,-9.379774,-8.06411,1.5044142,-0.82239205,3.0773776,-3.492159,-5.030305,-1.7587883,-4.931891,-4.0942597,-0.11590329,-3.1925576,-4.0894523,REAL
0.2913111,0.018970808,2124.4237479196404,1057.4271448216737,2938.0757681184796,0.11226016107998454,-495.6418,55.153828,5.57973,11.281789,7.534989,3.901726,-5.702884,-7.947705,-5.0686445,0.65322334,2.8730412,2.9053893,-2.020984,-0.872532,-3.3362536,-5.443004,-2.7777574,-1.5266893,-4.1468635,-2.1948895,REAL
0.31275326,0.017650872,1438.7825045760237,992.363935726906,2211.662978772218,0.09373566098338486,-484.48706,54.391735,11.621557,19.437464,9.184436,-0.03863813,-5.1528926,-3.7882085,-7.9567957,-1.4736005,1.2838221,1.7850555,-3.2797968,-1.4696332,-3.2106824,-4.4025617,-3.5947948,-0.7186716,-1.3508904,-4.740873,REAL
0.2937535,0.016934816,1699.3892114538291,987.8136435853457,2458.73734770455,0.11736937910548687,-515.8677,55.68431,7.6342177,10.45039,9.018904,6.874942,-7.138611,-4.0085325,-5.766441,-3.2521389,0.6670212,0.45530868,-5.187597,-2.623644,-0.19373177,-2.7039766,-3.1896403,-0.23213306,0.00871396,-1.6439407,REAL
0.31832948,0.027847638,1287.6329696846988,910.4983667210442,1965.9115539267775,0.08294743769319939,-478.53165,60.50174,5.4981294,18.81912,11.511985,0.57333666,-9.736056,-7.638334,-5.7737675,-0.67227346,-2.2446225,-0.15784243,-3.2852185,-5.1484995,-2.0576508,-0.19055621,-2.8361578,-1.0143973,-3.8253093,-3.5953898,REAL
0.28239128,0.020854961,1758.1664785797423,928.3538103079833,2486.29452264659,0.11888478675618239,-500.72067,58.968098,5.9699717,17.42217,12.226221,3.4114068,-7.9712977,-11.029849,-9.744185,-3.397163,-1.771012,3.0990005,-3.5934014,-1.4955945,-0.3588042,-3.4784944,-2.4074168,-0.9822807,-4.775915,-3.6139147,REAL
0.29395172,0.024004498,2359.570143250599,1099.44094334181,3153.8975954793923,0.10172009541892414,-472.08435,63.757748,7.2639003,13.918111,10.033679,2.2176435,-5.887915,-3.842796,-4.8883595,-3.1515179,-5.973532,-1.9766306,-1.2536514,0.9323994,0.18588169,-2.8555973,-5.6298237,-3.477656,-4.7440176,-6.978708,REAL
0.30413,0.019093744,1249.318608970059,863.7189799757635,1813.8894695771348,0.07741936944551778,-503.30594,60.01356,8.157632,15.572827,13.346631,8.461422,-7.7358046,-9.805805,-6.019348,-1.0169507,-2.2759967,1.164517,-3.686934,-2.6205304,-1.7655298,-1.3151051,-2.2655115,-3.3749645,-5.288358,-2.9452567,REAL
0.28802204,0.027118597,1125.511011646582,782.4525357868619,1688.5675586541247,0.07336557851139876,-471.2599,63.3813,0.6254922,14.21648,12.850699,-0.24610044,-8.734333,-10.322392,-9.835952,-2.3747478,2.1173577,1.7509565,-1.7908174,-0.26014477,-2.6729987,-4.7917356,-3.5869,0.1421262,-1.6598921,-5.0118046,REAL
0.30325127,0.029505607,1660.9952728255794,1018.5500419047215,2393.2141735896444,0.1067286967494204,-464.568,59.250954,3.6017644,10.58923,10.152007,2.3002336,-12.556216,-6.456952,-6.7245507,-2.3553138,-0.69859076,-0.676065,-3.3691988,-1.2698534,-0.7003506,-1.5243067,-2.2744594,-2.335929,-1.7991749,-4.9328012,REAL
0.3017873,0.027842907,1793.0579208833399,1134.8310629383932,2695.6275432887364,0.12244765504250386,-483.07275,66.28416,8.39121,23.85589,14.509971,1.5746014,-9.123255,-8.385134,-9.068883,-0.33827692,-2.510351,1.7289919,-4.990183,-2.6789577,-4.201126,-4.5436387,-3.4971254,-2.1051116,-1.9888972,-4.165445,REAL
0.28684396,0.021958213,1429.3268531221927,797.7856720133756,2043.682361349256,0.09993917238214838,-480.35867,55.707073,4.4763393,13.85127,10.955345,4.4401526,-6.2503366,-8.590137,-6.1725016,0.28980255,0.24728929,0.11459761,-2.2493098,0.28095204,-1.4499999,-2.7793157,-1.2089846,-3.4338791,-3.604004,-2.4806836,REAL
0.3124881,0.02702077,1791.313754430281,964.4708341765572,2570.9379829984546,0.12910397749227204,-480.52777,56.796803,8.6267605,19.681957,7.437808,1.9553741,-9.81494,-11.593066,-7.96338,-0.35710174,-2.8777652,2.6707659,-1.8647833,-2.465452,-2.1296093,-3.1729395,-2.9515536,-0.23244864,-1.5563719,-2.5891135,REAL
0.32469726,0.019251764,1544.1354752143936,911.0295093591423,2269.2068863504637,0.10299187355100464,-505.5316,56.36557,-6.0594707,12.519535,6.49609,2.9099815,-5.583483,-7.382047,-5.6778183,0.17249691,-3.1284277,-4.5703835,-3.010803,1.3631201,-0.29824546,-3.15046,-3.3618739,-1.1414785,-3.6619706,-4.478113,REAL
0.3055935,0.017331365,1529.2404610612036,1004.9101920689617,2315.618094631472,0.10093535669435857,-508.70633,55.07541,1.8172385,15.757426,11.2505865,1.3563325,-11.528777,-11.403546,-4.9142914,-1.9342469,-3.855108,-1.1387079,-3.3768618,-1.085482,-3.42558,-2.6695504,-1.3082974,-2.3381355,-4.404045,-3.4457796,REAL
0.31790796,0.020486247,1840.4056942884492,932.1812747893064,2610.1770038398377,0.12852286997681608,-491.5994,59.858276,3.9793046,14.080277,10.605908,-0.66930777,-11.771971,-6.379507,-4.7266555,0.35751802,-2.8843446,-0.43055785,-3.8502827,-4.296619,-2.5639958,-2.1256423,-5.0283446,-2.689385,-3.2707992,-4.028949,REAL
0.3468262,0.023433069,1376.6059905618026,841.4022166868765,2077.3799937512076,0.09102332278786708,-485.33395,71.49133,3.519087,17.085571,10.441693,-3.0576692,-10.887188,-9.121809,-9.119856,-4.0193377,-4.9027805,-2.9324472,-5.7238336,-1.4234499,-0.7475649,-3.5161443,-6.480848,-3.46936,-3.7933385,-5.8787117,REAL
0.33707255,0.029273333,1572.7386288176513,923.6887276277837,2349.898155247778,0.1090908610654946,-456.56607,55.08851,4.3198476,12.490537,8.095281,2.0224938,-13.532004,-9.28352,-4.979715,0.57852775,-2.980114,-1.1145434,-5.2455044,-0.6761071,0.62792915,2.1689732,-1.396852,-4.2618103,-3.1484911,-2.7838464,REAL
0.30111852,0.02663299,2483.5514177924156,1147.316589735906,3370.936417026903,0.16568280887751158,-464.56302,64.59604,0.8633105,21.4122,6.69226,4.2240987,-5.6510773,-10.182305,-10.118522,-4.05104,-2.6464112,1.4477047,-5.3736844,-6.233482,-1.904032,-2.9361837,-6.083232,-5.549472,-2.9601088,-4.240681,REAL
0.30840608,0.030716166,1763.4683080531172,1028.6984085007762,2568.5001049012267,0.10576760529366307,-452.09998,59.65562,6.2074103,19.02549,6.5088787,0.6967798,-8.755746,-12.129826,-10.474889,-0.5106164,-3.077553,-2.3129117,-3.3830967,-2.4488077,-4.050792,-1.0583814,-2.3214898,-3.7329633,-4.2596297,-3.6630445,REAL
0.32452962,0.022734575,1944.1710953746226,1222.457568011485,2846.4764508066073,0.13242572389393353,-489.29578,66.68397,6.2818704,12.50677,6.6025763,-1.2097365,-15.347213,-16.517382,-11.745726,-0.3146634,-4.2987823,-3.083261,-3.8946826,0.74828976,-5.3723345,-3.532068,-1.4228073,-0.016532103,-5.921798,-3.3102307,REAL
0.3084043,0.01739386,1499.9275600955464,973.3193606876226,2284.111188292134,0.10352809657991487,-510.3751,60.512783,3.9880347,13.736736,5.4519267,-5.9453063,-15.010419,-12.162236,-10.054027,-1.3119097,-0.9301293,1.9348855,-3.822814,-3.1448123,-3.3886695,-3.4875293,-5.093818,-1.5618402,-0.727467,-4.8566747,REAL
0.29884428,0.019558785,1485.7144672704994,1011.1061169084952,2280.3645468568875,0.0992573144078439,-509.7258,51.638634,15.91013,24.783442,8.640563,7.6259675,-3.5321195,-5.6998463,-5.7825418,3.6646266,1.6933026,2.453186,-5.085989,-0.9258803,-0.14288598,-4.394117,-1.9043043,1.1353314,-0.27615592,-4.4664145,REAL
0.29656017,0.018547678,1692.1041787054335,1023.6017827212679,2554.297176874034,0.11361783954791345,-501.00488,50.082916,14.344133,27.321333,9.7062,6.400612,-3.6447904,-6.5284405,-6.241738,5.373321,-0.5686444,0.40656415,-0.9414485,1.5125139,-2.587013,-1.7612338,0.5686493,-0.7618256,-4.198558,-4.7484717,REAL
0.28393188,0.019894367,2428.8907759604454,1359.7013447055153,3465.870709020656,0.181379099748452,-474.20212,59.521347,3.316522,13.489351,-6.328408,-0.8096825,-7.0667133,-2.5171945,-10.986155,-2.7832656,-4.669027,-5.9164915,-3.1121686,-4.3659368,-2.9647028,-4.227722,-2.6853077,-2.7150424,-4.2403316,-3.5262046,REAL
0.2599648,0.028664716,1193.3556407913295,1044.3941742282718,1875.6636581184694,0.07086389500290248,-479.8486,85.06455,18.1021,3.8058522,1.9055241,-9.950427,-15.577761,-11.926358,-9.5346775,-8.958472,-10.434128,-4.800766,-5.874831,-3.4470026,-10.081514,-7.2211905,-6.312271,-5.706867,-8.114252,-6.6689506,REAL
0.3804858,0.04376424,2212.206236067449,1635.3965006285089,3779.3681376689187,0.08992368484555985,-422.25815,73.01609,12.21835,19.628822,7.7128773,3.2136319,0.29534277,-0.54706085,-3.0824604,-4.7527514,-2.3741167,0.04425947,-1.8299446,-4.373062,0.4761582,1.995742,-7.1219707,0.14848039,-2.627806,-3.9049468,REAL
0.26730007,0.048569024,1825.5225439823034,1067.5108246956968,2693.5322560179816,0.12878389646171692,-425.03635,72.28475,-1.8487718,-3.2877264,-18.627762,-15.627938,-15.364523,-12.899356,-8.52679,-3.388668,-8.557239,-11.725327,-12.849067,-9.528119,-12.365884,-13.217019,-6.2689657,-7.0230937,-7.0049944,-1.9076983,REAL
0.26945,0.043778427,1858.7609291656486,1508.7759789136776,3163.207554651247,0.08826372776488786,-425.99854,75.38022,-0.85829705,3.5174003,-7.9952416,-12.522783,-9.342997,-10.753844,-8.014454,-14.236414,-9.612637,-9.16352,-4.7669997,3.878117,-12.001592,-12.854961,-12.249962,-5.7447743,-13.512629,-9.8453665,REAL
0.319633,0.052720442,2030.9172301113756,1544.27448243517,3443.531933744687,0.09111162094281298,-412.87427,72.76112,-3.2540839,-0.20646586,-16.218683,-19.95822,-8.889151,-10.553248,-10.461214,-10.191007,-9.565733,-14.052369,-10.17744,-1.918082,-14.287641,-12.096414,-10.8192215,-8.179392,-9.300598,-7.980416,REAL
0.24516565,0.03793167,1758.0919194307687,1362.0489488494493,2910.3771463243816,0.11579472867561824,-454.71463,74.32862,15.9809065,13.44249,-17.3664,-14.578644,-14.821732,-13.12071,-6.1914606,-12.873717,-6.3730664,-13.76433,-14.607622,-5.9432507,-17.346275,-10.471763,-10.191636,-7.757912,-9.032253,-3.5764885,REAL
0.25373566,0.03484195,1679.7420593891245,1427.8107293600663,2982.473342483108,0.08387616131756757,-465.75995,48.405712,10.529778,25.28102,4.811871,-2.5975924,-7.390114,-16.742426,-8.495533,-5.63719,-6.5237823,-3.8485332,-8.65914,-4.2614117,-15.402263,-6.777214,-7.3562517,-2.8458657,-7.7168694,-5.8368454,REAL
0.38990718,0.03688177,1914.436236837617,1439.0641835356264,3231.569665734882,0.09565822123744204,-440.7671,70.17971,13.63215,19.847696,7.2437325,5.4195375,1.0046345,0.44062477,-1.8367499,-4.506504,-2.4441905,-2.8641248,-2.4278023,-4.217183,-0.5820301,1.4381545,-5.897068,-0.118440844,-2.343235,-3.181978,REAL
0.33456933,0.017520424,2155.842464457659,1366.0207941263097,3221.980517124613,0.15093257183630032,-509.83368,70.93982,8.13543,11.649264,8.596039,-3.5231838,-0.50677615,-6.1764827,-3.8696787,-3.4316256,-3.7730772,-1.4149582,-1.242446,-3.386492,-0.15851009,0.81129867,-4.970704,-2.8995795,-2.2066116,-3.4541035,REAL
0.34178597,0.027345642,1513.9020102688485,1180.6251372716076,2493.6682544625583,0.08862909370162539,-466.83728,83.06014,15.564722,11.605179,-7.407768,-11.639868,-14.902501,-9.051722,-8.397062,-7.3375473,-1.888817,-2.2260125,-3.8314743,-3.6636415,-1.610991,-2.4447901,-7.542257,-2.2254877,-5.328035,-5.4632306,REAL
0.41170624,0.023384126,2365.4732942346704,1662.4900103770758,4038.639542863176,0.07156921151061776,-491.9156,58.487076,20.232965,23.385649,3.9503288,1.6271876,5.3341136,-0.25875354,-6.254473,2.5984595,-0.26888496,-3.8197243,-3.23393,0.9420991,-2.4777083,-0.625893,-3.3052251,-2.3234367,-1.6406995,-3.5053465,REAL
0.26544568,0.03439141,1805.6811151020734,1417.500485075024,3120.8477953270126,0.09771369485294118,-440.21857,52.77812,1.7362823,13.851714,-2.1706038,-18.511406,-8.414002,-11.800194,-6.8812456,-12.096663,-5.60258,-10.916521,-7.5296497,2.9999096,-12.777524,-8.361467,-11.386771,-5.018285,-10.443559,-7.766759,REAL
0.23631392,0.03449654,1319.1485508264743,1124.4319156427575,2115.403875108843,0.07612161075367647,-448.8655,69.509445,14.940703,17.506302,2.6381516,-6.146851,-3.2573683,-7.377599,-7.797051,-5.8630223,-5.497931,-11.078285,-8.868647,-3.5018961,-7.7742295,-9.485022,-4.402498,-1.2562236,-7.179916,-6.495239,REAL
0.2816767,0.027631346,1562.4137195083865,1363.653726752556,2817.107965333543,0.07996323529411764,-476.6458,50.066284,12.350968,25.947641,6.1896577,-1.4476752,-7.291807,-17.050537,-8.634649,-3.5593345,-5.938595,-1.6381228,-11.648717,-2.5742323,-13.537856,-7.020911,-5.832978,-3.640238,-8.339809,-6.4086413,REAL
0.32919875,0.027668245,1814.0957862881196,1721.2944605152231,3300.7217076540733,0.07133592540634674,-501.1045,58.225777,12.440155,18.072153,-0.6478827,-10.97285,-0.72684425,-7.128033,-5.6607985,-12.210705,-9.031088,-6.378288,-12.92358,-3.7431505,-12.546425,-7.0300937,-6.7772803,-3.900815,-9.362512,-4.6402144,REAL
0.25153404,0.041395158,1728.6442054078623,1078.1811309651953,2575.149599858614,0.11833022162606342,-443.0059,69.935425,-7.0366774,-11.948976,-19.68332,-13.110985,-14.964179,-10.701377,-6.5911684,-3.9289606,-8.870734,-8.184652,-12.652451,-8.6672125,-8.24705,-13.530052,-7.160361,-8.3655815,-8.917502,-2.198698,REAL
0.33961433,0.052317496,2040.894003162728,1731.1079241560196,3667.1294341216217,0.08593335243725869,-397.18408,67.92936,0.71703553,6.1026697,-5.1490726,-17.069946,-7.861589,-5.6181927,-8.18893,-9.938445,-5.9958215,-11.904439,-6.2967854,-0.11593324,-9.566122,-9.728614,-8.484475,-7.2804847,-10.863327,-4.877518,REAL
0.29284188,0.049267657,1813.9683983815844,1039.7001453431492,2643.350682686726,0.12527739817143962,-423.41748,84.08455,1.6724004,5.1889076,-9.577035,-14.9548,-13.263576,-8.273001,-4.401276,-3.351813,-3.2929764,-6.810007,-7.4625673,-3.5398667,-8.030666,-8.07093,-4.4960666,-1.3705442,-3.8571744,0.9807777,REAL
0.27306053,0.019079408,1828.5759144137912,1090.3674901772752,2691.8253895668054,0.1367021212267802,-505.3483,63.24283,21.121737,12.38344,9.612299,-1.6662605,-9.864365,-9.332829,-10.472398,-3.602452,-3.9946375,-3.6407657,-3.819503,-1.1985644,-2.7752697,-3.2737894,-2.107221,-1.2470564,-4.4889097,-3.6527805,REAL
0.24257086,0.031087045,1335.424979160215,829.2331928582086,2037.044346360209,0.08705454248839907,-490.0038,75.03316,-12.015011,-11.277567,-13.164626,-21.837278,-15.316195,-9.0023985,-12.410573,-5.871049,-10.479951,-11.168935,-10.824955,-8.983025,-9.1092005,-12.913812,-7.217987,-7.368997,-7.7051644,-1.116075,REAL
0.2651262,0.030110825,2146.9567202282774,1513.8585245849192,3279.1587741081785,0.1285818620697989,-461.5219,59.67642,-7.844644,7.340157,-16.276403,-17.744982,-13.2513895,-10.548895,-20.74039,-3.8004708,-14.299594,-7.8449917,-8.642726,-7.507784,-7.0969434,-13.595828,-3.5160594,-8.997825,-10.517438,-4.024713,REAL
0.38581917,0.051026832,2089.2663369820416,1701.7614085996743,3723.9554740287163,0.08944633807915058,-408.3853,68.847336,11.5295725,22.300438,7.3284955,7.8917065,-2.4173365,-0.37257868,-1.2382079,-4.8034444,-1.5577737,1.034147,-6.8039017,0.41565233,-5.8620925,-1.0640771,-7.1034207,-6.6464987,-3.1068926,-3.9657133,REAL
0.3017895,0.043023486,1719.0615948057423,1201.6319513665203,2719.6918877285702,0.10256665114647832,-453.30206,85.22363,18.261774,20.560673,-13.983314,-10.420365,-7.628516,-7.173678,-0.26002988,-0.3459434,2.5177443,-5.241245,-4.3855853,0.51656675,-9.289085,-7.0109396,-7.282869,-1.784,-4.341572,-0.8124409,REAL
0.27067775,0.049906433,1335.2221122674246,1379.866811408562,2234.9718908361488,0.054488416988416985,-440.2525,67.37411,14.256342,17.677301,5.224818,-6.0141997,1.2310555,-2.359355,-4.109498,-2.242297,-6.978129,-8.8480425,-10.329394,-4.666728,-7.6592317,-9.216007,-6.4330597,-5.8455167,-6.800086,-6.6137834,REAL
0.3215252,0.052247357,1698.8908442455918,1413.8024432952116,2793.5337261217637,0.1003127414992272,-414.3467,89.15239,18.725943,35.350124,7.7985845,-5.73041,2.2626219,-9.614836,-6.099957,-11.721479,-8.173859,-3.0129724,-11.698371,1.6917863,-6.0368137,-7.6440597,-6.1749535,-3.5880265,-8.541672,-4.5549803,REAL
0.30010325,0.056913134,1889.1881319812187,1399.9089932322022,3041.7353779560813,0.10755836751930502,-433.08307,67.36331,6.150988,4.683411,-25.250292,-17.787016,-14.120158,-20.896566,-11.767991,-2.116659,-11.861404,-3.3379612,-10.6612,-2.7324276,-10.523645,-14.289319,-7.443619,-11.445979,-5.3854985,-5.825463,REAL
0.3824325,0.04693913,1470.5432956571706,1464.5975102757184,2491.8156144425675,0.056696805622586874,-445.6133,64.69089,21.543928,19.72736,12.527404,5.363686,7.3329716,5.3303967,5.6072063,1.8704324,-1.7516898,-4.606073,-2.5200853,-0.42084512,-4.7728915,-3.958847,-3.1323211,-3.9562693,-5.1932,-3.3422236,REAL
0.275672,0.048149157,1257.4957293760226,1295.8115998743556,2262.193719638196,0.04520283497679815,-440.99603,60.972317,9.560881,15.504511,6.1875114,-4.2796874,0.26054227,2.555578,-2.1304579,1.2422936,-4.3081098,-7.482871,-10.020149,-3.060244,-4.896843,-8.401071,-6.906725,-6.077018,-6.4695697,-6.151806,REAL
0.27391165,0.029146796,1767.4587614604761,1453.423650115173,3258.5886290937015,0.09174623282701239,-476.24622,35.759846,10.875281,23.172134,2.370617,1.0042127,-8.670894,-15.76031,-5.727737,-5.907555,-4.838216,-4.1653957,-7.7870603,-0.92207235,-14.818563,-4.995709,-7.1638775,-3.4702077,-7.88502,-6.5207725,REAL
0.4002392,0.057139922,1640.087090768619,1324.0057202823434,2668.5209037162163,0.08344632299710425,-402.32962,82.13565,12.279471,25.278765,10.853867,2.8389857,-1.3771735,3.3707125,-4.0683746,-4.5812635,-1.7052118,-0.19029577,-2.9536884,-2.2806835,-0.8927444,-1.9895526,-3.1015542,-4.8939934,-3.2822773,-3.6849828,REAL
0.3571597,0.03326292,1601.8649147039407,1268.5134898406511,2637.925548052309,0.09307342482129057,-458.4719,80.3941,2.0308464,21.595814,1.1989052,-6.525427,-1.1472949,-8.033665,-9.9776,-5.645373,-5.9506755,-1.6658007,-9.055789,0.7325282,-6.9975095,-7.1681046,-2.1748302,-4.545287,-7.7257867,-1.5172555,REAL
0.27812064,0.02975688,2170.2021245450005,1450.679641960592,3282.7468163457816,0.13101432493227555,-461.5565,63.540478,-14.590696,-0.7470149,-16.138533,-16.05229,-14.733929,-12.171877,-19.295166,-5.8538337,-15.106458,-7.902474,-10.377172,-8.025691,-9.029268,-14.041881,-5.183571,-7.427791,-10.828908,-5.0206385,REAL
0.3407795,0.024493491,1642.2217298225562,1131.6004573630796,2613.4091970721265,0.1139626517753483,-479.28604,77.17402,6.7589726,12.012606,7.1254597,-12.772693,-6.3491263,-9.667621,-12.639534,-1.6002979,-6.495987,-4.776341,-0.29083508,-4.4535594,-3.0877595,-0.20399451,-8.735573,-5.793845,-3.157143,-5.373025,REAL
0.34109014,0.028086105,1745.2406833925863,1427.391471111386,2782.4129250652554,0.08807830928557618,-487.0394,75.23711,9.238247,21.57192,6.3250294,-6.1010723,3.2833538,-10.487713,-7.7650466,-5.904346,-7.2486806,-2.6186614,-9.796937,-0.27955246,-8.710997,-5.411846,-3.964149,-4.7917013,-10.018802,-2.319557,REAL
0.3551688,0.03576924,1214.4458267057744,937.7451763640876,1943.2121087494995,0.07329887347377902,-457.22348,98.704254,6.554185,8.557702,-0.8711324,-5.7341795,-21.54047,-16.727482,-9.609027,-9.278047,-5.309849,-1.0052005,-4.49114,-5.7948866,-1.2967554,-4.911415,-6.29331,-4.867207,-4.927434,-2.8493917,REAL
0.28134906,0.028740596,1653.5285157651115,1420.4533287200961,3029.353633446926,0.0831041092662413,-465.85065,51.28862,17.625015,29.991209,7.924869,-0.12982145,-6.7133536,-15.281056,-7.898998,-6.487007,-6.3319883,-2.7654448,-10.402528,-2.9255297,-13.313726,-6.580915,-6.4312162,-4.616472,-6.97486,-6.3497076,REAL
0.26511654,0.03891963,1120.3212955521267,839.924563020386,1704.0435083498357,0.07284409111765842,-453.801,78.32709,3.952967,-0.9468685,-14.65087,-8.938498,-14.397824,-12.617004,-6.8559036,-8.329949,-3.5249016,-10.112793,-9.973719,-5.308117,-10.957303,-9.984319,-9.0210705,-4.8559237,-6.4354186,-2.3223484,REAL
0.33232763,0.04722216,1480.15441394086,1313.0723326070724,2473.5519409179688,0.07729198314525464,-427.65503,50.141693,18.7561,16.377623,2.6965902,-5.969061,-1.8587695,-3.6091957,-8.374672,-0.07704459,-7.3492155,-11.871155,-9.192086,-3.896267,-6.5753326,-10.46491,-7.651531,-5.1662245,-7.0622573,-7.1351295,REAL
0.25853664,0.028912848,1248.679727697932,942.0740743489383,1885.7635970455206,0.08123306888544891,-492.29507,77.9146,10.324327,10.949694,6.9688587,-10.256733,-11.332128,-11.316572,-11.34279,-9.3139925,-8.367307,-4.002118,-5.1603293,-2.6160283,-5.985926,-8.662778,-7.563094,-5.260923,-7.2497597,-4.973183,REAL
0.3774404,0.03808986,1707.909988136398,1371.6603913868191,3022.4650569006385,0.09056029895510836,-434.84467,85.890495,-5.811936,24.995506,5.9021006,-11.877664,1.3019638,-21.509043,-18.824297,-3.0681462,-12.536327,-1.7451069,-8.385646,-9.180006,0.29418898,-2.5561664,-10.800206,-0.265969,-8.13839,-7.253025,REAL
0.2691604,0.031723186,2139.752181659564,1397.0329495238454,3362.233275423831,0.13635197304868624,-481.05527,91.59052,26.415968,2.5132592,-16.695694,-18.061514,-5.7043333,-15.977361,-10.521593,-8.408081,-10.758027,-4.332428,-10.033595,-10.649776,-2.394327,-7.3023286,-3.086496,-4.922078,-8.882227,-1.4843258,FAKE
0.2903617,0.021528725,2408.4447565609034,1235.4143997421834,3504.6422739497953,0.17187385648419204,-516.8792,79.83963,25.530804,19.1821,-2.6542754,-9.2661085,-1.3167841,-11.545623,-8.218327,-10.531179,-14.147429,-6.7300944,-7.4904647,-7.7135067,-3.9788077,-2.1042361,-0.53660053,-6.0185533,-3.368719,-0.3824128,FAKE
0.33585712,0.036331236,2052.605952912003,1785.3543150091073,3465.6957100788504,0.10498689350328948,-424.90286,73.563644,14.943875,12.534894,0.34594283,-6.554426,-5.5939517,-11.583818,-0.06226578,-3.774953,-11.031867,-4.258147,-11.5669,6.374536,-5.016792,-16.865011,-3.7749784,-10.17225,-3.5323687,-8.319852,FAKE
0.32219863,0.02563859,2327.40066590805,1152.6422903045554,3209.8555904423856,0.17467505865421826,-485.41037,95.41945,15.760691,22.647406,-2.4995077,8.521641,-6.5387864,-14.066274,-1.1149354,-4.8650403,-7.9783206,-3.9985874,-1.2607458,-2.4236658,-9.485503,-1.080748,-7.956041,-6.8098884,-5.563342,-8.415511,FAKE
0.38498878,0.01982037,1730.325960375721,1444.6476897116383,2843.574471960865,0.10351373536667957,-479.50406,67.69605,3.2890866,18.145395,19.935259,-7.520334,-8.7506695,-18.190187,-20.547003,0.29040098,-14.871055,-11.967624,-4.6341014,0.14410235,-6.4695945,0.54071933,-4.575727,-5.069081,-3.969246,-1.2413788,FAKE
0.39534813,0.030174267,2283.932129366321,1441.1760229404324,3689.727688721459,0.1211988136126161,-449.52747,72.95558,17.233429,23.968786,6.3473554,-11.82868,-13.6640215,-8.136524,-7.4360065,-8.22075,-8.139104,-5.5694118,-10.058888,-3.631515,-5.0683775,-12.526661,-7.1965723,-3.7330704,-11.262211,-6.705775,FAKE
0.41231152,0.024576606,1932.682348912243,1421.6707119252187,3386.5961883828368,0.09570917182662539,-482.98306,72.24299,-3.8169882,26.114065,14.980487,-9.856102,-3.433401,-6.5101776,-13.289401,-6.0410757,-4.569424,-4.5193443,-3.4404092,-1.3831891,-2.9200215,-0.060598344,-6.306855,-4.0830426,-2.5887482,-4.5356703,FAKE
0.37836015,0.03200239,1714.8175272694086,1447.0353476370537,2729.6707330336426,0.09635794301044083,-463.20828,61.943954,17.618032,14.274288,-1.6716787,-10.085366,-7.13534,-10.267516,-11.372925,-5.5464263,-13.68142,-2.028462,-11.657642,-1.4785862,-2.1775928,-8.928839,-1.2614702,-3.4797595,-6.5962863,-0.57786864,FAKE
0.3889181,0.029604986,2529.351050096791,1758.4735448886258,4114.806930648202,0.10891202025328693,-464.962,60.118793,12.625688,20.8832,11.627317,-5.065085,2.4831476,-3.877596,-6.8155527,-6.3530536,-3.3551242,-4.6396513,-7.628385,0.23637918,-0.8528598,-3.5417807,-4.5133553,-2.3427246,-5.5806217,-3.5477054,FAKE
0.38074976,0.030940369,1871.974455571546,1418.8119527182857,3139.4643494219235,0.08970920810758513,-468.9729,80.16498,-0.5068035,14.748832,4.2595043,-3.6218333,1.4441402,-9.031402,-14.404623,1.9159416,-3.733183,-7.810998,-11.580372,-6.0753365,-5.5840898,-2.443736,-10.701142,-5.7680135,-8.8836355,-4.604699,FAKE
0.3748342,0.019518292,1710.5907641565009,1473.5904478999937,2841.12448677559,0.0971823299632353,-481.03067,66.724915,4.565261,10.362376,16.408659,-4.579444,-4.544073,-15.218154,-15.142322,0.7855851,-11.819179,-6.8017826,-4.9726853,-1.1307968,-5.7192974,-1.5712779,-5.352955,-4.0652103,-5.7022076,-1.8291186,FAKE
0.3856454,0.032438442,2073.013222087193,1354.0551668845028,3328.369234960636,0.10190814576893353,-448.0446,62.718365,-1.5435852,4.6103387,-10.129831,-9.228814,-2.8501043,-8.259072,-5.6051044,-4.602059,-11.465887,-5.2719207,-4.3643203,-0.64258194,-4.978334,-4.5044065,-4.239445,-5.647794,-3.8062353,-1.8820581,FAKE
0.3971456,0.027188485,2466.471998131906,1735.2852388068925,4002.6297379129637,0.117236177187983,-452.53564,64.811646,9.037516,9.830679,1.9138407,-13.880135,-7.492707,-13.446016,-13.268318,-3.9695764,-11.8360615,-4.649251,-4.7016683,-2.1504996,-6.045771,-5.9479113,-6.2743444,-5.4550543,-9.344674,-4.143956,FAKE
0.35254246,0.024895255,2055.4122650841286,1608.205595077962,3286.3301280113196,0.1194671536377709,-462.83844,59.636623,-2.4450798,14.760682,0.17412986,-13.424758,-6.863037,-12.960242,-13.593318,-2.7631881,-6.921515,-8.644756,-7.591886,-0.31926268,-8.500278,-5.6088915,-5.7784424,-4.41877,-8.23214,-2.2682977,FAKE
0.3823494,0.02235121,2345.4699045536727,1188.111428895802,3397.5580839435906,0.18598417560904873,-484.0056,76.212654,0.1384239,22.908556,2.2494867,-4.7046905,-6.092142,-13.832313,-15.170926,-0.09548958,-3.11867,-0.7769648,-2.6834073,-1.741909,3.049118,-5.123663,-6.343821,-4.1278687,-6.033153,-4.3386617,FAKE
0.37506607,0.028796948,1794.2969890607105,1326.578321967715,2939.723890558485,0.10286483528444272,-450.66486,79.694954,6.148843,11.704144,3.709729,-8.230984,-0.94227,-9.031394,-16.518377,-9.354654,-5.894933,-0.0032512676,-6.1015935,-7.004538,0.9240439,4.146709,-5.692358,-3.2622724,-2.1990902,-7.6238904,FAKE
0.31637523,0.020247549,3151.955608192249,1305.3666017123132,4268.6452631054235,0.2585670134860789,-491.30936,67.62149,5.78468,26.94969,8.549504,-1.3320106,-7.07789,-12.904608,-11.545923,-1.3869119,-4.3201156,0.013662199,-1.8495837,0.7684904,2.6673295,-4.4815917,-3.3325305,-2.3215463,-5.7476897,-3.8967721,FAKE
0.35154977,0.028604815,2114.209427971749,1233.7235852353515,3166.9891829830203,0.16536218979779413,-462.289,85.9884,3.4428287,25.02695,2.4465215,-8.87961,-8.800539,-13.89285,-15.276894,-2.162379,-5.421765,-0.92962193,-2.4970374,-1.3902879,3.9412062,-6.918301,-5.4876766,-4.7182097,-6.85776,-3.8913717,FAKE
0.40359014,0.02391951,1615.3884248889215,1198.3389466229723,2637.875715793102,0.08923491014415634,-468.2352,72.142235,3.6882944,17.57346,9.844913,-5.6756406,-2.205762,0.6586051,-11.474337,-4.134826,-2.3531075,-4.184118,-2.7811794,-2.0520244,-0.16481933,0.9570816,-3.8336806,-2.2096024,-0.3407495,-3.3250291,FAKE
0.35351822,0.017002711,1831.7110591225048,1298.329664204228,2899.632466319176,0.08160230323626161,-496.2067,55.50116,-0.9979095,11.072335,-3.764153,-6.410727,-4.9280767,-7.670759,-7.967099,-3.873176,-5.1114,-7.48228,-4.4215083,-0.9747716,-5.300786,-3.6803002,-3.7176397,-3.4396133,-3.6610012,-2.9140522,FAKE
0.41613865,0.028557668,1659.8314256940525,1113.025035933485,2498.9098894337753,0.09530781370936532,-469.90195,75.57153,7.714923,13.20923,4.3417516,-2.5476553,-2.7611122,-3.1125405,-9.553864,-4.7735095,-6.3594356,-3.0217478,0.14176898,-5.389346,-2.7139506,3.0572143,-2.9280746,-4.3459797,-0.4225445,-1.807913,FAKE
0.41247225,0.020264223,1323.5632378885616,1091.6261196348057,2174.1535198577785,0.06843533825948142,-492.43082,52.69338,-5.5462966,4.6668563,-8.329201,-5.455325,-5.697489,-5.498467,-6.7616143,-2.430535,-3.039187,-6.6687293,-4.746948,-2.0748615,-3.0364537,-4.821266,-2.6456568,-2.6063247,-4.1991477,-1.7215062,FAKE
0.3606701,0.024172936,1638.1105614968383,1256.6643888882668,2658.917255224458,0.07312805364744582,-487.45172,66.56914,-3.7387166,12.814154,-6.972864,-10.799548,-7.89627,-13.038264,-9.255862,-4.793865,-6.024772,-6.948178,-6.749669,-1.9096037,-6.057505,-5.5806813,-4.3152,-4.519929,-4.930595,-3.025592,FAKE
0.41491637,0.028288644,1481.7858742658234,1096.4252556713673,2347.4691385086107,0.0724273776122291,-477.90793,73.75679,0.017552143,11.0424,0.80283153,-10.811839,-5.2663894,-1.8419424,-7.7720037,-1.6201485,-5.346924,-6.3027215,-5.46497,-0.34323558,-3.8260388,-4.525743,-3.8718855,-3.1335132,-4.768847,-2.747291,FAKE
0.42024255,0.02607072,1405.277439763152,1079.0207111692823,2305.1110613087753,0.07726446098587461,-472.03928,58.715725,-4.6503286,14.121018,-6.0654287,-9.260619,-4.1775885,-7.4724,-4.639196,-2.2831326,-5.7643347,-6.4330206,-4.6083975,0.4016128,-6.1652236,-4.340916,-3.258898,-4.0419106,-3.4354992,-2.742869,FAKE
0.41503564,0.026157651,1474.3317172143425,1072.9023600596106,2348.0274684657993,0.07183327689628483,-467.59683,68.80065,-5.4196444,13.095869,-0.754308,-10.002627,-7.0745106,-9.422581,-6.5793276,-5.443199,-5.4007387,-1.2247692,-7.184686,-1.1690006,0.47268942,-6.526295,-4.862135,-0.29495278,-4.622765,-3.1001205,FAKE
0.40484405,0.024008514,1440.1578526992707,1030.3669170639687,2277.369562391157,0.08060797818304953,-494.27487,60.372047,-2.8184218,12.183093,-8.748374,-10.677011,-8.662972,-4.152251,-7.097466,-1.978472,-5.225676,-8.66781,-4.9417152,-2.8586712,-5.0262985,-5.5413995,-2.9007819,-3.408067,-5.6323633,-1.5812498,FAKE
0.37292928,0.027759556,1404.2422082617172,1018.5593672696465,2236.236477783959,0.09219067458397832,-478.5138,86.74573,12.33919,16.752445,8.026741,-6.670599,-7.386543,-3.1610644,-12.605372,-7.4541044,-2.1914697,-4.483991,-2.9655967,-2.867933,-2.4295633,-0.01665693,-3.4335983,-3.9243126,-2.2989557,-1.868313,FAKE
0.33309117,0.019878315,1633.7039222579533,1098.18919080509,2545.251275880418,0.103036036063274,-488.9933,67.00978,-4.0207577,7.488264,-5.788445,-14.299078,-8.84402,-11.925075,-10.364323,-6.720942,-6.9759,-2.755607,-7.6852927,-3.8263416,-1.0672888,-6.6169896,-4.706345,-0.8836362,-5.8896203,-3.8345263,FAKE
0.32439032,0.021368299,1577.1108178396958,1157.7185958138782,2480.9849978231423,0.09949486322078173,-490.15973,61.630795,-0.7801904,4.99483,-12.538206,-11.24959,-10.081864,-8.811962,-9.16091,-4.8054085,-4.879442,-8.698538,-6.533401,-4.089633,-5.1347494,-6.1275744,-4.046893,-4.196302,-6.018871,-1.9671496,FAKE
0.38158077,0.025554704,2147.794921444953,1058.40822320258,3020.7484006143577,0.15540533390576625,-474.67715,84.82651,7.879502,21.046585,11.887592,-6.5822096,-1.557729,-0.9617508,-15.30105,-4.2950172,-1.6547712,-3.9914627,-1.968306,-1.6885939,0.8915564,1.1562643,-4.5254025,-2.2105381,-0.40568978,-3.5365577,FAKE
0.36229762,0.026942486,2300.353973761735,1220.8967044825415,3210.097255647736,0.1720650971120356,-451.62906,81.03427,13.979637,17.719225,8.079279,-2.3819432,-4.3897953,-6.082704,-11.507857,-5.545404,-7.88889,-4.6474776,-1.0349537,-5.3370333,-2.967558,3.827255,-3.4200199,-4.462776,-0.36730134,-1.5702124,FAKE
0.38499674,0.026607553,2043.8893549737431,1013.9613334953319,2845.0411297588525,0.15747145897832818,-468.94196,83.28169,11.873311,17.662844,12.095863,-3.6075454,-4.910513,-0.9565772,-11.783966,-5.361523,-1.2034667,-3.8093405,-2.0307894,-1.4443471,-0.8392022,1.1127964,-2.145077,-3.3880565,-2.6807237,-0.07738567,FAKE
0.36146152,0.024166372,2528.148358120935,1196.1135232443648,3389.812835598878,0.18066028323335914,-475.33002,82.99258,11.966133,15.764667,10.473321,-0.79568356,-2.6425252,-1.3054361,-11.557387,-2.4107127,-3.6470852,-2.33871,-0.8418109,-4.3353024,1.9542172,4.0304494,-2.7928882,-2.6355712,0.3737861,-0.576023,FAKE
0.28044933,0.024287783,1932.6981118816016,1288.5893344662086,3023.601191194938,0.10881011821387171,-475.4873,58.071316,-14.134105,7.0861607,-16.438204,-16.611,-6.8205276,-21.756653,-12.0047,-13.1577215,-12.01409,-6.9824114,-8.756892,-1.7916425,-9.723468,-5.0452485,-0.7387605,-3.4895205,-1.0191426,3.4778633,FAKE
0.29041323,0.027797809,2299.152814855469,1140.08950982128,3396.4051708003285,0.1381945366837326,-482.84573,52.40685,1.8725501,12.295293,-15.271298,-14.643423,-9.067106,-18.645948,-11.473171,-6.289345,-9.311492,-14.18981,-10.357398,-6.861107,-11.512469,-6.537359,-7.0198603,-10.526076,-5.275317,-2.3618338,FAKE
0.3510438,0.021831593,1970.0524925723091,1519.742587037196,3273.9870805460296,0.09849508247198609,-474.63965,58.79794,-5.6428294,17.620197,8.092677,-12.002151,2.1523235,-7.2591453,-15.593841,-3.3725545,-9.334205,0.59244245,-7.3159804,-8.355805,-2.0786924,-2.5759945,-10.646462,-3.2312691,-5.31518,-7.2864647,FAKE
0.33234146,0.032464396,1754.780993546182,1180.2764556303584,2731.876473297094,0.10091320267415499,-457.32898,81.668915,11.471751,14.892791,-5.1092834,-6.852118,-4.7668567,-10.673728,-13.433142,-6.010513,-4.3363643,-10.689456,-2.704747,-4.617283,-6.8914866,-8.924754,-11.263239,-5.880939,-8.742386,-2.4900942,FAKE
0.33646476,0.020948276,1937.7514657838033,1265.832695930438,2985.8236117997776,0.12772144990808823,-485.81433,45.11151,-26.795246,8.36839,3.0807416,-13.883952,-3.4613721,-6.321822,-7.6572604,-0.9112581,-1.3708452,-3.8458228,-9.152569,0.30377164,-4.998148,-1.1289178,-2.713877,-2.3333642,-0.566959,-3.188947,FAKE
0.32738933,0.021221511,1801.622644816306,1288.3739625362286,2862.2269738033715,0.10631361995266615,-491.18433,63.05416,-6.1752567,0.9941376,-5.83582,-13.897287,-3.5707607,-14.017804,-17.300978,-7.780474,-12.889998,-11.636698,-16.200443,-7.2745543,-13.774618,-14.209893,-10.287234,-4.2213807,-9.025409,-6.232445,FAKE
0.30396327,0.022952734,1639.4757641543636,1361.2379454352424,2730.8001538917374,0.08282678562790248,-489.85922,58.489254,6.6347756,14.994769,-1.5334253,-6.4345293,-7.446617,-12.766465,-6.3696523,-7.66832,-9.36875,-7.3856893,-5.626504,-4.2612195,-4.3664503,-4.3410254,-4.77593,-4.011167,-7.735549,-4.5472045,FAKE
0.3585811,0.025086999,1476.2686392551198,1257.4085729870083,2426.768658995259,0.07952672999709752,-476.7582,64.16638,4.961344,11.638161,16.278296,-7.3275695,-4.207184,-5.2326093,-6.144062,-8.320271,-8.240782,-3.023339,-9.623752,-5.487698,-2.4529963,-1.0582534,-8.623019,-3.4384606,-5.729563,-5.1330805,FAKE
0.30987883,0.029473482,1964.1594410253388,1539.3191045235176,3240.905402688419,0.09890983274477554,-462.6189,68.65271,5.812872,14.488446,-3.2427094,-13.746788,-4.751515,-16.689209,-12.082928,-5.9733257,-10.04598,-4.7354956,-9.3725605,-3.263238,-4.926244,-11.338521,-6.581168,-2.2409673,-5.33543,-5.412533,FAKE
0.44759607,0.023230156,1724.9409388334968,962.5694469332075,2532.0096892838137,0.12812167424535603,-501.13907,66.0546,4.9205303,23.41463,14.343835,-4.551658,1.2855101,1.2243048,-11.162029,-0.79777676,-1.0416961,-2.942418,-1.5989833,-1.6162426,0.14993086,2.868069,-3.4387608,-1.9594947,1.0473683,-2.5029867,FAKE
0.40920758,0.026024163,1490.2478094876683,976.1782612291245,2233.3781617344716,0.0997571443256579,-487.5826,60.095856,4.0096354,16.382778,5.6701455,-7.322622,-1.6203814,-2.9703627,-7.5014634,-3.8708327,-4.826546,-6.0982075,-5.484269,-0.3999679,-3.3960202,-3.9561574,-3.6429129,-1.4197869,-3.6364985,-2.4928074,FAKE
0.31509566,0.018903693,2454.5917497829023,1402.0256757912,3603.864612446993,0.15371522925501158,-488.26572,51.283684,-8.766461,5.099965,-3.471573,-11.979075,-10.345193,-11.285359,-10.378363,-10.080903,-10.823646,-1.9735398,-12.351513,-2.0252223,-1.5625435,-10.295548,-4.4104204,-3.3056886,-7.933448,-5.8382616,FAKE
0.37117186,0.018910356,2108.2131775203393,1612.6031337175152,3500.2354806136495,0.09488881979327667,-524.47266,54.95042,5.6547503,17.709673,24.008724,-7.451516,-13.600244,-4.0443497,-6.889383,-8.133798,-6.879639,-3.861141,-5.774585,-4.865779,-3.3582,1.4426401,-4.6856365,-3.932954,-2.8714693,-5.7850943,FAKE
0.35364315,0.02286005,2499.9714818810257,1934.6335826247632,4228.769972740774,0.09872865750579599,-477.13293,55.392654,13.272449,13.845214,10.026883,-8.311508,-0.037801422,-9.676915,-6.8472357,-7.1428576,-6.6166306,-0.066512614,-9.534284,-3.5440555,-1.3974932,-7.160357,-6.447781,-3.1234465,-5.7514725,-6.459884,FAKE
0.41580844,0.022722108,2269.3627791822437,1717.0380991285035,4067.210332889601,0.09065843051272167,-479.50143,53.31043,7.7397146,14.05969,12.923293,-0.00459359,-6.276171,-6.450302,-3.7912056,-3.2485332,-4.7265644,-2.7196186,-4.994864,-1.719898,-0.4271292,1.1887448,-6.3058624,-3.119178,-2.028405,-5.290068,FAKE
0.427551,0.023131164,2346.5621443694286,1841.7065109719526,4378.138496440102,0.07783888299922899,-474.9783,52.106388,13.217156,14.043321,12.917817,3.7564948,-0.69141865,-1.5553257,-4.5539656,-1.4596441,-6.2209973,-2.3145297,-6.6818614,-3.8552608,1.4511701,0.9879825,-3.7466118,-0.67309624,0.7006098,-3.7148106,FAKE
0.32487828,0.017602423,2083.576008774811,1411.9874906713574,3253.539154358616,0.12323360398997688,-517.7858,46.317142,-6.6227827,10.665334,-1.0709794,-12.269541,-7.91767,-7.6094437,-8.535742,-10.996117,-13.088712,-2.0990474,-12.4353695,-1.5485857,-1.2116323,-10.698334,-2.9937932,-4.0498624,-7.462857,-5.356826,FAKE
0.3263726,0.022947086,2213.911787556671,1774.0495926625833,3952.6211517263396,0.09986462148226677,-482.26514,42.640076,12.665613,14.005696,13.402476,-5.151774,-4.7233367,-6.806228,-9.43587,-1.1834358,-0.35475665,-5.87201,-7.7895966,-1.8834288,-5.8416867,-6.165669,-6.6030335,-4.0909,-6.547841,-4.3695736,FAKE
0.3958382,0.017858949,1904.7863383670795,1394.0244813606691,3016.9727616615264,0.10090781912586738,-501.38376,36.66534,0.24749036,11.695029,0.5962011,-7.119901,-1.9711013,-8.950587,-8.931862,-8.107374,-11.183204,-2.3120663,-10.747471,-1.9842889,-3.0516844,-6.802183,-3.253349,-4.132019,-6.39523,-4.7841077,FAKE
0.3958382,0.017858949,1904.7863383670795,1394.0244813606691,3016.9727616615264,0.10090781912586738,-501.38376,36.66534,0.24749036,11.695029,0.5962011,-7.119901,-1.9711013,-8.950587,-8.931862,-8.107374,-11.183204,-2.3120663,-10.747471,-1.9842889,-3.0516844,-6.802183,-3.253349,-4.132019,-6.39523,-4.7841077,FAKE
0.3685727,0.021612572,2551.5480095134817,1746.5556130599045,4371.754906153624,0.08935396287104858,-501.8193,50.300724,4.854237,20.792013,10.09014,-0.6946502,0.6699902,2.6204119,-5.94482,-3.7362611,0.11953912,-4.7116413,-2.8452437,-1.4447434,-4.3686657,-0.14716876,-2.0519874,-3.018717,-1.0305381,-2.4450133,FAKE
0.35342553,0.020653823,2162.5418388887483,1516.2733811744768,3592.093570800405,0.09670415803296067,-496.70123,57.08348,9.497919,18.86503,9.355916,2.0642471,-1.8128309,1.1689159,-6.1832037,-3.403978,-0.02004913,-4.0654054,-5.0988464,-1.8629353,-3.3056147,-2.3241913,-3.6642323,-2.664494,-2.2106237,-1.6679466,FAKE
0.31922927,0.014648384,1994.2429328817457,1294.2443010187294,3011.012530418755,0.11747436994024672,-527.3237,43.75537,0.6827835,11.49402,-1.1843555,-8.781411,-5.3078156,-10.209549,-10.107396,-10.978518,-13.161438,-5.2037053,-13.2094555,-1.426448,-4.1716127,-9.7535715,-3.2214937,-4.821268,-6.736567,-5.488714,FAKE
0.36334854,0.022046616,2577.050577244116,1749.7328511699252,4319.540624096473,0.0867510511035081,-485.8938,40.011223,7.9261403,17.889673,5.2046375,-4.4254136,-1.3432016,-8.956761,-9.062988,-4.930045,-7.6629014,-4.443294,-4.9617786,-3.548038,-3.9358916,-5.527309,-3.4064984,-3.9524455,-6.520793,-3.9554222,FAKE
0.38214692,0.01884889,2511.363827949603,1744.421999499185,4278.068040128663,0.09656712304838087,-514.10455,46.147125,5.278507,18.665369,11.600698,0.7314287,-1.6004602,1.0700247,-3.7317739,-3.1285408,-1.1247611,-3.2473948,-2.985713,0.28103936,-3.770189,-0.8170272,-2.3967075,-1.7710516,-1.8529686,-0.68108195,FAKE
0.36438712,0.015299651,2251.57780545773,1298.7717355764785,3283.4233221496725,0.13871366314090208,-524.98126,35.120316,-2.7573352,8.583767,0.006603185,-5.955492,-4.117709,-8.09784,-8.522899,-8.6200285,-9.703916,-2.8389204,-10.854575,-0.6590497,-1.5565608,-8.758791,-1.7596434,-2.9344788,-6.266647,-4.8815265,FAKE
0.30982295,0.014902368,1939.7332229268684,1190.6009190493164,2939.2075161430225,0.10951655262143407,-517.0542,40.989094,5.4194098,6.8278484,0.18391153,-8.022384,-11.454673,-7.7253547,-13.547694,-4.6058617,-6.606248,-5.872404,-1.2944486,-2.8956435,-3.2831168,-2.5007694,-5.426653,-1.9202498,-5.1148257,-4.076441,FAKE
0.35998443,0.016340775,2270.919668392366,1647.8690006434845,3842.2987656310233,0.09429964581727063,-535.2845,53.041046,10.098919,22.822218,7.381096,-4.933758,1.4690331,-11.53354,-6.404019,-3.6122944,-7.2426424,-5.4081182,-6.4072447,-2.8700588,-4.172916,-5.9255533,-3.0707672,-3.9641142,-6.718351,-4.111934,FAKE
0.3323625,0.012551878,1993.3052388574654,1519.4118990061745,3322.4885703787586,0.11308360338762528,-533.0333,41.74773,-1.118691,12.966681,0.2575082,-9.677212,-3.0951626,-9.339916,-8.289561,-10.761978,-11.496755,-1.8762896,-11.373758,-2.1090071,-2.188742,-8.261674,-3.0704255,-3.7517138,-7.3831816,-5.8241267,FAKE
0.37483197,0.015111938,2684.9796903019173,1941.844572512532,4727.907776961257,0.08396216328546646,-534.88635,46.493725,1.6826266,11.580535,8.3877,0.08172104,-1.0213572,2.5868757,-4.741403,-2.5616598,2.327835,-1.8878059,-1.5108018,-0.82135946,-2.5567226,-0.18960088,-1.9749128,-0.31955552,-1.6387929,-0.37596396,FAKE
0.51868314,0.021508828,1444.891995919734,1298.8322650674575,2294.5147041550213,0.07756744831823438,-502.82623,45.238518,6.114026,5.4271407,3.9472992,-4.9344335,-8.258501,-1.3286937,-10.001861,-1.9435378,-3.5713067,-4.866268,-1.2541705,-2.819325,-2.6056626,-2.1772387,-5.7925487,-2.0378623,-5.3965874,-3.9342504,FAKE
0.35906434,0.00994114,2181.5065767858177,1573.8758919335878,3501.37021808139,0.10296108507613724,-554.2769,28.66054,-3.0151248,5.321331,-0.43966556,-6.278484,-2.368481,-4.1868944,-5.7295218,-6.4302754,-8.538486,-1.3318017,-9.630639,0.56918323,-1.7450513,-5.819571,-2.0296278,-3.0982823,-5.2336273,-4.4528055,FAKE
0.41880253,0.014843972,2993.1730600471733,2111.5440881625304,5269.666233224509,0.08622211112181959,-509.87698,30.996693,6.229916,10.609976,3.2515018,-2.38553,0.49123263,-5.9964743,-4.9571896,-2.1484067,-5.236462,-3.2907283,-4.796638,-1.3298008,-3.6731727,-3.3004339,-2.630862,-3.0929143,-4.127819,-3.303196,FAKE
0.3754625,0.01705791,2832.50529031269,2051.57538890428,5071.500996138926,0.07486703088858905,-499.60776,41.123775,4.509037,11.229322,6.606559,0.9475749,-0.82322645,3.0211968,-3.507814,-1.1272782,3.2217896,-1.9246659,-2.3802495,0.5125507,-2.2927938,-0.17022908,-2.1269894,-1.3569283,-0.8557113,-0.15862116,FAKE
0.41224697,0.017476697,2312.843960383111,2037.4662969941173,4552.271881927043,0.074612537345798,-488.4041,32.691185,9.718628,6.9107857,6.275687,-0.4629185,-2.6241553,3.9010863,-6.8409142,-1.9651607,-4.360198,-5.94049,-3.338581,-3.351582,-1.5868621,0.59267265,-3.5717657,-2.1345587,-2.4400134,-4.347815,FAKE
0.41608176,0.020388834,1760.1907386531677,1576.8019195682866,3106.5256511420585,0.08881749349460293,-501.2258,49.961304,10.25675,12.198051,5.4327717,-6.656938,-7.197002,-1.0090971,-11.893951,-0.8876823,-6.4246187,-7.9383073,-1.4137528,-4.909617,-3.6968482,-3.0670652,-5.7157006,-1.7946934,-7.0503473,-3.3684418,FAKE
0.3234084,0.012086691,1987.000725614261,1457.355277070277,3239.5932093894567,0.1148319288502313,-542.5664,39.581047,-2.4179206,11.0828495,1.8793885,-6.9462266,-4.275523,-8.482118,-8.663228,-8.063487,-11.377764,-2.7094734,-12.941494,-0.5400729,-2.4380343,-8.818442,-2.373459,-3.298114,-6.0550995,-5.670308,FAKE
0.36407107,0.01902951,2410.4223487239387,1743.2300462239216,4238.388506228315,0.08755707281225907,-500.36044,46.622276,6.8397813,18.857227,5.878108,-2.4306562,2.31981,-10.291921,-6.7668614,-3.0531018,-7.744797,-5.8619657,-6.3643317,-2.231829,-4.247041,-6.347895,-3.3797204,-3.6065693,-6.593109,-3.8422651,FAKE
0.37068987,0.019425085,2297.893333551275,1642.9711477911544,3937.6126585690536,0.08782323691692367,-483.42392,41.29859,7.4545865,14.133263,6.840664,1.0890125,-2.216352,1.9264619,-2.824416,-2.3622336,1.4394017,-3.5366802,-4.016826,-0.8860236,-1.8091776,-1.3900812,-2.1343958,-1.2021036,-1.9803923,-1.5321128,FAKE
0.362586,0.009498211,1949.4352308433677,1296.9807596322546,3089.8154206522263,0.11275607471569006,-519.14966,27.808247,0.20797336,7.18589,0.75936854,-5.7573414,-4.005425,-5.460871,-6.1309075,-8.188837,-7.9803324,-1.9872855,-8.409436,-1.4617633,-1.4750398,-6.745052,-1.7616996,-2.427319,-6.2775593,-4.045194,FAKE
0.33631125,0.02657919,2019.4848592617172,1354.3116563458382,3169.4079344571096,0.10026821507921174,-446.63306,66.009476,7.792521,17.187069,2.3552423,-8.372235,-3.7360232,-16.113556,-15.002675,-5.5113554,-9.657509,-10.093551,-6.8337774,-2.802197,-4.464564,-6.6155987,-4.0656056,-4.0094757,-8.368083,-4.94815,FAKE
0.3329335,0.026192266,2106.5774174527614,1358.1101533408626,3326.8798828125,0.11531965441460587,-460.34613,64.05062,5.3398514,21.975605,12.114401,-2.020984,-5.6778975,-1.6790309,-8.86592,-8.918031,-5.446261,-5.3933487,-5.105499,-3.957287,-4.5816646,-1.114247,-2.7501895,-3.3218558,-2.694601,-3.2640839,FAKE
0.33081615,0.027591912,2018.133200912879,1272.2736864295541,3098.9757225355006,0.12196503393064143,-464.6688,71.18914,13.598045,5.2553444,-5.0189786,-13.105112,-11.975559,-4.151976,-15.112104,-5.554529,-8.054327,-8.417982,-3.0839102,-5.7341175,-5.6844344,-5.2546344,-7.960076,-3.5104244,-7.880471,-4.9210114,FAKE
0.32931462,0.02113844,2361.077716692934,1402.536599734397,3594.8246516901986,0.14481284936391672,-499.4504,53.661057,-1.6816293,9.220331,-1.2158024,-10.670034,-6.4842505,-10.321159,-10.720263,-12.150581,-12.448916,-1.1665294,-12.18811,-1.0868312,-0.8559764,-9.071501,-4.8208213,-4.224608,-7.958624,-6.757719,FAKE
0.37901002,0.031195922,1640.5815513234436,1105.1302440791205,2533.7763452677536,0.13381740699980652,-449.841,80.541,10.002428,16.913097,8.679737,-3.487667,-8.688488,-7.1613307,-12.162883,-7.3581476,-9.529752,-4.96037,-1.1998211,-6.3012924,-2.7817175,4.1501517,-3.4952807,-4.4472055,-0.6843654,-2.1149123,FAKE
0.38010406,0.021662254,1918.1201501763621,1133.634229313357,2806.883027162345,0.14781770027089783,-491.5712,82.92047,10.191287,16.346241,10.37415,-1.5868462,-4.1756506,-0.75794715,-12.024461,-4.1493425,-4.6787715,-1.2164179,-0.46046764,-5.7670903,1.8486354,4.5070353,-3.8407564,-2.5497286,0.15031093,-0.97533405,FAKE
0.3871856,0.022687318,1888.6694336535018,1220.8206619449452,2817.782961251935,0.14522890262190402,-476.72998,79.81062,13.814355,16.26391,5.5657535,-2.5828607,-4.2069497,-4.9553976,-11.649628,-6.6280036,-7.8415155,-4.888107,-0.070083916,-4.420955,-2.6734533,2.9147112,-2.864624,-3.8970249,-0.314898,-1.9752828,FAKE
0.36717698,0.021388954,1646.650203264526,1139.6954729859224,2597.725958573191,0.10949102348587461,-484.5502,65.48538,3.743056,10.989573,-7.73886,-5.920879,-5.2748666,-10.7586565,-7.0228887,-2.5341666,-4.3891745,-6.9484696,-5.312266,-1.368452,-6.207224,-4.001577,-3.9217956,-4.587726,-3.2551064,-2.2985559,FAKE
0.3534527,0.026215734,2944.837962707188,1148.4289712708212,3833.868483788458,0.13401128337848298,-486.6493,83.28879,4.953188,19.685154,8.494022,-9.640549,0.12815061,0.1459225,-17.133238,-4.94946,-0.7882036,-2.7069654,-1.4460194,-3.9108028,-0.8442912,1.817731,-5.6316833,-2.7739124,-0.6632579,-4.7108164,FAKE
0.34023818,0.02897239,3070.1234109372335,1102.342328695893,3866.0599557976975,0.1456612507256192,-466.71338,83.653725,11.697302,16.87018,7.0312433,-2.4696808,-5.255251,-4.714774,-10.666975,-6.772647,-8.605017,-4.0777245,0.2621368,-6.492071,-3.8532429,3.6814315,-3.7441149,-5.4526343,-1.232622,-2.2059035,FAKE
0.34237662,0.031797305,2939.650020035206,1125.0892089616593,3814.660266604586,0.1366367399138932,-461.1432,83.09268,9.991537,15.873679,10.117363,-4.2127037,-4.3922405,0.85755265,-11.203057,-7.213679,-1.0422292,-2.1887941,-1.1435722,-2.5451007,-2.5307398,1.101896,-3.440599,-4.4893713,-2.3553054,-1.1934905,FAKE
0.35658312,0.028806178,3133.6057562208293,1126.0039518349095,3895.4514447380516,0.1314863553357198,-460.01614,82.853424,13.58146,17.52756,9.368793,-0.085938066,-0.09529439,0.41446632,-10.101331,-3.474165,-3.191454,-1.3170598,-0.5684186,-5.158198,0.020370943,2.9376922,-3.6947834,-2.6463282,-0.2456708,-1.85483,FAKE
0.3133167,0.027005099,1835.2406306665632,1084.1443363469468,2721.466876995453,0.12509826093266255,-478.6443,81.97349,-0.2593257,4.05586,-4.6862106,-8.9900465,-6.2019486,-6.122997,-8.311988,-5.0067005,-6.042111,-8.512864,-9.028989,-1.4850744,-5.391713,-6.677105,-4.9751897,-2.5834713,-6.287445,-2.9145405,FAKE
0.31176555,0.025651312,1875.5967688890378,1124.215434166378,2829.1912256010546,0.1228964601876935,-479.8269,68.53411,-7.081823,8.318253,-10.844882,-6.341997,-5.9809732,-11.238063,-6.357936,-3.8043368,-7.4494433,-9.647084,-6.4193187,-1.7371649,-7.9914536,-5.75626,-4.426316,-5.3201404,-3.7593348,-2.6557295,FAKE
0.31129524,0.021494279,1865.2389661848538,1111.6175181070928,2837.674507637142,0.12458768200948142,-488.73297,73.29857,-10.16832,6.3633265,-6.1916814,-11.628999,-6.523281,-11.123059,-9.208218,-4.0294394,-5.776995,-4.0950923,-9.694196,-3.5166476,-0.8241482,-8.32477,-5.2542443,-0.9302645,-6.447733,-2.5461085,FAKE
0.29502743,0.027850525,1903.969406362512,1172.1556213316494,2895.490824696449,0.12847768116292568,-472.1407,66.68333,-7.67299,2.5546105,-12.998471,-9.374524,-9.630983,-7.520367,-7.395177,-3.9451005,-6.850849,-9.784273,-6.805773,-3.428488,-6.49745,-7.2360725,-3.9284623,-4.341864,-5.4069786,-1.4204099,FAKE
0.29410014,0.026832804,2694.9383157390903,1259.5226263678514,3627.003068008659,0.1730450609520124,-468.57422,79.98934,-6.550323,5.5460763,-7.530563,-7.825424,-5.539501,-10.680274,-7.1679015,-2.9259286,-5.9864936,-8.971533,-6.3069763,-0.73590213,-7.137207,-4.6089606,-4.8697114,-4.8580785,-3.7151165,-3.8919547,FAKE
0.29351553,0.02866476,2751.5790776410686,1159.2420536263805,3673.219455211155,0.18691270196400928,-462.10458,90.1403,-7.8512964,6.6064863,-3.824348,-11.485776,-8.466669,-12.618807,-10.198174,-7.0441375,-5.807793,-0.32512128,-8.839565,-3.145889,0.5029727,-7.002446,-6.013339,-1.4924712,-5.3998184,-2.9457664,FAKE
0.37678716,0.034485452,2090.898817607317,1028.0370999819534,2915.590703155234,0.12658842576915635,-447.80264,93.42629,11.919707,14.334739,7.7871094,-3.8204358,-4.3313327,-1.1302493,-13.08832,-6.80882,-0.8865153,-2.8937376,-2.2241843,-2.4260652,-2.518217,0.07479568,-3.0908515,-4.100235,-2.976208,-1.9674677,FAKE
0.35089898,0.03125851,2662.898522611848,1168.9955642093064,3474.7456553550696,0.1584586034249226,-443.81506,88.5001,14.517935,15.70472,6.269602,-0.34212077,-0.03600517,-0.06453849,-11.068915,-3.7529693,-2.4950151,-0.7805413,-0.25363523,-5.157832,0.36699995,2.883898,-4.665832,-2.5661986,-0.2252534,-3.123709,FAKE
0.30361852,0.021241425,1696.709361110904,1177.620705151184,2667.49220337292,0.11285079152960527,-488.89474,63.5771,-0.39157343,11.386587,-8.846419,-9.820861,-8.630343,-12.23844,-8.258204,-5.1125255,-7.381926,-9.847301,-5.9207563,-1.8379381,-7.0578456,-5.3020945,-3.924985,-4.9015923,-4.717013,-3.447221,FAKE
0.30604866,0.016786348,1580.7658154333617,1128.283374636432,2531.8263570590652,0.10309763810952012,-485.33813,63.57267,-3.7427254,8.740899,-3.1637197,-13.02653,-9.422103,-11.792515,-10.24783,-6.4412265,-6.378182,-3.4723232,-8.042318,-3.9318962,-0.8233412,-7.0300126,-4.849279,-0.49666172,-5.746214,-3.2459097,FAKE
0.30288258,0.020619338,1470.6195824789936,1109.8968974911822,2390.760543398075,0.0972760557759288,-491.6106,61.363003,-1.2353795,7.378817,-10.794764,-12.054317,-11.424489,-8.465143,-9.836693,-3.681067,-5.6771717,-10.040157,-6.120242,-4.247201,-5.314565,-6.484548,-3.3351038,-4.04397,-6.2503567,-2.4102194,FAKE
0.42818946,0.025388103,2049.3071103385114,996.9007583651717,2856.932724518673,0.17071476514125386,-474.48984,77.25062,-1.7862341,15.893195,10.664407,-7.375012,-0.3370467,0.6688927,-13.040948,-0.10917314,1.9773631,-2.693747,-1.4550406,-2.1306136,0.7349891,1.0961547,-4.745001,-2.037345,0.13422716,-3.4990711,FAKE
0.42425057,0.025541365,2006.7990169961327,1052.2574107958453,2800.9413964239066,0.16244384009771673,-471.8597,78.77398,4.54722,13.2931385,12.861219,-2.0985684,-3.2533662,1.9892342,-8.8859625,-2.6759272,2.1424441,-2.574978,-1.6368018,-1.8061621,-0.61423653,1.1626045,-2.5084488,-3.5996397,-1.9811947,-0.2177078,FAKE
0.38868427,0.020187141,2852.0448686364434,1108.0559386827997,3627.611397663506,0.22902204672987617,-483.9036,75.918526,8.137876,14.122155,10.206488,0.49495393,-0.66401947,0.91503036,-7.8442926,0.82129323,-0.14685881,-0.9797946,-0.5066063,-5.1717377,1.8705535,3.1705453,-3.7549243,-2.5665276,0.25857824,-1.5806216,FAKE
0.34635708,0.026235001,2922.4094134599304,1096.9208113018285,3823.660212183146,0.1724059869630418,-471.8951,78.20008,3.2907417,16.564392,8.249021,-8.10058,-0.19243614,-0.018995965,-14.066801,-3.1535726,-0.7627622,-3.922903,-3.114516,-3.1677194,-0.92666835,0.5366753,-4.551037,-1.6909871,-0.5038581,-4.1944594,FAKE
0.3551126,0.029085537,2754.4965418060647,1148.365031114382,3652.511247097523,0.15680139500290247,-460.70984,81.7094,10.996249,16.227467,7.585385,-1.8056263,-3.5904753,-3.8802218,-9.914186,-4.781147,-7.6729927,-4.5342636,-0.7968664,-6.3886175,-3.526232,2.6883674,-3.5949748,-5.0408196,-0.47705314,-2.1014302,FAKE
0.3851743,0.03255303,2295.8272808421716,1056.804791026791,3130.3394045992163,0.13937973164183437,-450.50214,80.17507,9.118847,14.332127,9.629612,-3.5210466,-2.9729822,1.245155,-10.609139,-5.13756,-0.5368861,-3.5217872,-2.557891,-3.0136805,-2.3311079,0.5530097,-2.7878745,-3.737746,-2.02065,-1.2474332,FAKE
0.36492985,0.029992064,2892.4015702328597,1127.6555491732872,3719.3858427159926,0.15951642015770123,-459.43628,83.07994,11.3063,16.172535,9.341423,-0.44848368,0.59907585,2.2006705,-9.627454,-1.6298167,-2.6022723,-2.367166,-0.975766,-5.068149,0.80958825,2.5770152,-3.2124016,-2.524315,0.39193642,-1.8436574,FAKE
0.42837906,0.021057254,1712.8646151998933,1165.9806631920737,2706.4086347172506,0.12731177740421826,-501.34714,76.29182,10.502742,18.492731,12.919036,-0.86909926,-2.0840185,2.1710079,-9.628955,-5.8152547,-0.47320524,-1.5822227,-1.3350413,-1.9197401,-0.8078521,2.0713096,-1.3590318,-2.7607307,-1.7022353,-0.27664343,FAKE
0.378135,0.020552317,1777.5492170778734,1245.5960207497992,2828.6495622097523,0.12590135509384676,-488.02124,54.26161,1.5408374,10.769391,-5.098292,-7.2673497,-7.6281533,-5.944528,-7.904808,-1.8510045,-2.9921842,-7.5796456,-5.7637434,-1.6767359,-3.626786,-5.1391063,-2.093422,-2.3705516,-4.8819327,-1.6605332,FAKE
0.3280076,0.015882775,1973.6477109066516,1157.4619225634708,2929.4572859725718,0.12990662187983745,-475.82376,55.59499,-1.0539651,11.628232,-0.22635256,-9.933007,-9.64786,-12.353412,-11.511804,-7.7530293,-6.8005633,-2.9682605,-7.3460264,-3.3725076,-0.062195502,-5.3432198,-3.881896,-0.09835872,-5.05888,-2.7012434,FAKE
0.35115805,0.01954772,2418.7805601502764,1229.9698192215417,3342.9131191950464,0.13616659914376936,-485.54044,75.10747,12.6849985,20.991928,12.306305,1.9926716,-1.7666916,-3.3234494,-11.733057,-4.8048997,-6.147617,-3.9013886,-1.9002544,-6.05745,-0.44807175,3.1624885,-4.499458,-3.3888729,0.8978711,-2.1556113,FAKE
0.40640044,0.022795837,2184.867074198085,1122.6883255511432,3065.6231292630127,0.11932618699206657,-484.02744,69.15673,9.742343,19.559189,8.088093,-4.6533794,0.516183,0.12467595,-12.2260685,-3.6306903,-2.2251463,-3.3557084,-2.4592617,-1.6549373,-0.05525231,0.59435695,-3.5765388,-0.58006847,-0.6975716,-3.9681067,FAKE
0.34737474,0.028467722,3149.4045722095216,1101.3835768683227,4001.7091355456655,0.1912475208010836,-460.03412,72.23717,13.986584,19.09266,7.593432,-0.9837025,-2.3518572,-2.4905481,-8.262971,-4.432922,-7.8129277,-3.8193874,-1.4144758,-5.629716,-2.2463248,3.703229,-3.1848469,-3.5147815,0.030919468,-1.6576967,FAKE
0.38603264,0.028038405,2283.333685888606,1074.1157535490765,3091.0229756736167,0.19155779859229877,-463.84674,78.144226,9.049164,18.347214,10.486476,-1.2198025,-5.4657946,-7.0043855,-11.661135,-4.1246347,-7.073218,-4.7150955,-1.02749,-5.3303313,-2.913869,4.33709,-3.0080698,-5.451805,-0.14459856,-1.297372,FAKE
0.35889277,0.02445002,2066.2841158213796,1214.3756132808421,3107.9895397457913,0.13385331003289475,-482.49942,62.35485,-3.5100722,16.830124,-4.695002,-7.864697,-4.7869334,-8.808628,-4.9068794,-2.5815012,-6.0291667,-7.452481,-4.870511,-0.20226692,-6.7272487,-4.136596,-3.0519068,-4.930842,-3.6465268,-2.62244,FAKE
0.37848434,0.02554854,2042.6809011792257,1162.5872937092968,2967.240390836639,0.15882519228908668,-464.27118,79.79488,4.065496,19.576094,12.599738,-4.8766494,-3.20934,-3.4672089,-12.959321,-2.4479432,0.48890492,-1.2926904,-2.3404326,-1.7198974,2.301154,2.1651316,-4.7253237,-2.27117,-0.26153925,-3.654431,FAKE
0.3312408,0.024795346,2062.2886211317937,1227.888530063658,3011.073459117405,0.15306861334171826,-470.6584,75.15958,3.1746006,11.309472,2.8424523,-9.582401,-7.185999,-3.6488638,-7.4461184,-3.0643315,-4.081347,-7.1218543,-6.3505573,-0.5485415,-4.6329737,-5.925316,-4.317243,-2.9753637,-4.5001287,-3.573562,FAKE
0.40327522,0.02661256,1797.1684673058637,1075.2390971478612,2599.234282785894,0.07160652089783281,-481.9644,78.40469,11.595364,17.617964,10.579676,-4.585775,-4.345303,1.2519119,-9.788562,-5.9555297,-1.8712385,-5.0197744,-2.9590988,-2.1724694,-2.758185,-0.39633083,-2.6115334,-3.5863824,-2.2579803,-1.4278572,FAKE
0.30283138,0.029239917,1903.4513335350498,1186.0606815066462,2883.657562917231,0.1258684754740712,-476.8301,74.03588,-9.838374,4.4539657,-12.375986,-8.474247,-7.555797,-11.423346,-5.9168253,-2.9881387,-6.778946,-9.759116,-6.4311433,-0.94265926,-7.045737,-5.4571967,-4.68467,-4.874088,-4.10397,-3.4488802,FAKE
0.28947064,0.026593043,1745.8025364275356,1245.0265437543362,2772.016571328367,0.11258132981811146,-474.71304,68.275986,-9.352005,-1.6209655,-14.290541,-10.632272,-11.018934,-6.9856186,-6.6738825,-2.9225874,-5.8342338,-11.067898,-6.7954674,-3.1213434,-5.6025896,-6.146086,-4.281297,-4.2525864,-4.9666214,-2.6227193,FAKE
0.3826561,0.031871635,2067.863579376497,1042.2068210753343,2910.8907315753195,0.13664051918053405,-456.22223,91.22118,1.6889305,18.43859,10.030137,-8.383216,-1.1674166,-0.7183693,-17.741112,-3.9823966,-1.0205737,-4.8409505,-3.1153145,-2.4302318,0.21528786,1.276684,-5.5831127,-2.620923,-0.17877,-4.980661,FAKE
0.29602152,0.02826993,2744.0301329769736,1180.0983860682338,3671.419466095443,0.17551141036184212,-466.98056,79.43942,-1.1062586,8.764912,0.83313894,-11.737077,-6.5460887,-5.1344695,-11.00577,-4.114878,-6.4764967,-8.154769,-5.8719325,-1.152921,-5.494958,-5.5269194,-4.814246,-3.12729,-5.374702,-2.6924832,FAKE
0.31418452,0.026689192,1921.3262681847802,1178.9659752260443,2909.1824085719813,0.1219966168005031,-479.3993,62.867107,-5.149265,4.618062,-13.563715,-13.0249405,-11.882664,-10.345714,-9.291304,-5.013495,-7.1380544,-9.870106,-6.5394645,-4.416884,-6.67001,-5.320066,-4.678061,-4.6492324,-5.9563804,-1.6998456,FAKE
0.32931957,0.014920406,1690.1815981653472,1087.2500870908234,2498.951555848491,0.12114136875967492,-500.10574,59.337517,6.8121214,6.108538,-0.107960895,-8.554772,-6.6779113,-4.368696,-7.0352516,-2.2342699,-3.5555916,-6.071041,-5.1370273,-1.5222377,-4.2285995,-4.886148,-3.9096203,-2.7876446,-4.7345247,-2.8134663,FAKE
0.3698233,0.018872546,1678.3594127233873,1038.0330859643614,2534.6263401279507,0.13511974228424922,-486.62344,67.42192,13.22913,14.56187,5.8067117,-0.30844352,-4.28411,-5.8219986,-10.181514,-5.1138973,-6.6616893,-4.537853,-1.4789399,-3.8315585,-2.045034,3.3668013,-2.6393938,-3.5800903,0.32213542,-1.6238916,FAKE
0.31134763,0.025991742,1878.2611882361773,1198.2166131369866,2766.958268581898,0.13325467419698142,-482.44876,83.34941,0.06998068,7.877303,-2.9784453,-13.693323,-7.46928,-5.1018057,-9.198908,-5.2644467,-5.853331,-8.019942,-9.095212,-2.0198264,-5.8669667,-5.7959633,-4.733851,-3.3578384,-5.9195437,-3.6522968,FAKE
0.32021263,0.023670493,2149.967536897583,1072.5758374580644,2930.5239461892897,0.17072988220781735,-483.56897,89.69935,9.397146,16.679132,5.972681,-4.747702,-8.128651,-8.513528,-12.036827,-5.885577,-8.325514,-3.8865697,-0.5330734,-6.5648694,-3.6049945,3.2123797,-5.25325,-5.747404,-0.6503861,-3.7430415,FAKE
0.32498285,0.017685752,1631.0822239691377,1015.3384283593299,2465.1350936653444,0.10952163554566563,-505.74832,77.03896,-8.53376,11.316718,-4.6165395,-16.28497,-7.980103,-11.354838,-9.045823,-6.002373,-7.075416,-1.933021,-9.245942,-4.6502347,-0.7999464,-7.843295,-5.4026237,-1.7289138,-6.1666627,-3.2736053,FAKE
0.314971,0.02249891,1742.8464032728225,1174.8595413782562,2765.924941496952,0.11422304324690402,-475.39987,69.049614,-11.749333,10.3969345,-6.440873,-16.529514,-7.946855,-11.281882,-10.063058,-6.2191267,-6.834872,-1.3146544,-9.408466,-3.9602218,0.9804631,-7.6962643,-5.305222,0.3268814,-6.3630514,-2.859191,FAKE
0.29572618,0.027308432,1706.7189591795645,1233.6493310461926,2756.708330561871,0.10463466585236068,-465.7693,62.995773,-6.1428356,7.7001953,-12.752009,-11.853957,-9.11417,-7.09538,-9.027856,-4.063036,-5.7862287,-9.575954,-7.3313236,-3.4135091,-5.6383233,-7.1007085,-3.0830796,-4.8211412,-6.46929,-1.6998382,FAKE
0.3595773,0.02627727,2553.2149149307975,1076.2234980585924,3398.579449255031,0.18076685855263158,-473.1812,82.848274,8.957488,16.385916,7.583898,-1.3893503,-5.3971047,-5.3387756,-11.061452,-6.1984696,-8.185479,-4.273453,-1.073609,-6.8994513,-2.9017813,3.9583101,-4.2318625,-5.9828744,-0.7854345,-1.5644279,FAKE
0.36140957,0.025463613,1856.6390017604801,1075.5995283349241,2651.8339647228136,0.1267290144881966,-460.60062,81.410675,10.534905,19.710678,11.41769,-1.2624259,-6.6739597,-4.7809534,-11.298643,-4.899883,-5.092599,-3.4648151,-2.0612936,-6.4061956,0.4447652,1.8159633,-5.790155,-2.6169496,-0.32393375,-3.1179864,FAKE
0.32980087,0.02480182,2713.9865798430997,1160.134600221673,3555.520166922649,0.13314620924438855,-480.34134,74.16548,-0.35395023,6.934316,-2.618773,-10.775798,-2.7984464,-3.3976173,-9.554165,-1.8624042,-4.3797083,-6.5056887,-6.429354,-1.7340462,-4.7502904,-4.8411384,-4.3007646,-3.9645817,-4.1361256,-3.4408545,FAKE
0.36836058,0.032546017,2493.7272903354315,1049.495011823331,3263.105268448868,0.14751535893962847,-464.907,89.1168,11.191751,14.952833,8.42376,-6.46406,-3.9450169,2.4063296,-11.208676,-6.0019994,-0.8564574,-3.1286323,-1.7518938,-2.1523106,-2.2348516,-0.22467113,-2.8201804,-3.4492195,-2.545745,-1.3222133,FAKE
0.3264647,0.023010936,1623.4363269147113,1100.411953420375,2509.5264919032993,0.10891657495646284,-478.25668,79.80456,-5.684569,12.398138,-1.1943287,-15.023767,-12.442395,-14.043357,-11.062068,-8.472495,-7.506868,-2.0384896,-8.459391,-2.3466647,-0.93375164,-7.778553,-4.84338,-1.241254,-6.339549,-3.4225032,FAKE
0.3207332,0.02751918,2315.8243368614894,1283.7029886015375,3300.788373917618,0.14797983080979102,-479.5361,62.423786,-0.53511333,8.011901,-11.151259,-12.49756,-10.689109,-7.8578196,-9.567033,-4.1172194,-4.9353633,-9.284586,-6.909018,-3.8868513,-5.849721,-5.8902335,-3.3960853,-4.030455,-5.8216896,-2.4771237,FAKE
0.3276699,0.025215592,2948.287221822272,1252.9924443134696,3924.0346052329237,0.21508637891834365,-475.48853,66.79065,2.4164197,9.93381,1.872867,-7.7215366,-3.876838,-1.6443788,-7.32832,-1.3209395,-4.062333,-6.907668,-5.560863,-0.36619857,-3.7322347,-4.1104507,-3.8944235,-3.512694,-4.1449113,-2.5898354,FAKE
0.39400938,0.030903367,2517.3961724841815,1137.0531288147204,3366.7629749782313,0.13191568002612228,-457.73602,83.547226,11.214713,12.066941,9.577893,-1.084971,-2.591008,3.0162315,-8.253385,-3.486806,1.070927,-1.363135,-1.4136385,-1.515164,-1.0903505,0.3344986,-1.3458568,-3.0836396,-3.137103,0.17748964,FAKE
0.37398934,0.032216594,2213.17483169644,1120.3612734529727,3171.2641571328368,0.1773401974893576,-462.17725,83.93952,3.9495971,19.975925,7.3816385,-9.641969,0.18302634,-0.89000404,-16.583677,-4.634596,-0.59352547,-2.8718565,-2.4465055,-1.4856061,-0.29728085,0.99099004,-5.302336,-2.5998597,-0.49942008,-4.817857,FAKE
0.34811524,0.032068092,2536.9095076023236,1100.1142745570487,3416.9293382957626,0.20785475220104488,-456.5729,86.26391,11.5098295,16.139627,5.5537405,-3.5680714,-4.067398,-4.187357,-10.464856,-6.4557333,-8.554961,-3.015774,-0.35843325,-6.2053375,-2.6955717,4.5954003,-4.4490757,-5.8435974,-0.049733188,-2.1645257,FAKE
0.3455352,0.024902128,1746.3548182218015,1073.4449011891415,2595.409305915006,0.11460626088428792,-474.58002,77.327736,-6.961769,9.087236,-2.862204,-13.681429,-10.952865,-13.231521,-11.548583,-8.014891,-6.5254316,-1.602108,-8.312203,-3.499969,-0.05347355,-6.998576,-5.01593,-1.4277637,-5.0963087,-2.9760957,FAKE
0.34862563,0.023152966,2788.387300741197,1193.8009498421466,3731.960766677148,0.2266331722861842,-460.26263,74.98804,8.63214,16.204725,9.375912,-0.28578386,-4.025209,-2.6582344,-9.895324,-3.47252,-4.179037,-2.7386487,-1.9358789,-5.228144,1.4936681,4.0941806,-3.555506,-3.0763445,0.5359087,-0.92888755,FAKE
0.33276543,0.033525284,2524.6674347781955,1683.8416186839524,4065.1670851574595,0.12074794710236068,-455.77472,53.41503,-2.1855288,17.192917,-13.952247,-21.661718,-8.319491,-17.435612,-12.432376,-8.884536,-9.825322,-4.6586695,-12.921225,-8.737875,-7.4518743,-13.231629,-8.641573,-7.5859647,-7.2142086,-9.178572,FAKE
0.35294676,0.026636746,1615.7933671629328,1208.184866844587,2556.5262077024477,0.10828543742743808,-474.04614,64.04617,-0.99649173,8.216717,-9.530644,-10.061904,-10.024575,-8.397313,-10.649962,-4.320574,-5.5230174,-9.852843,-6.9004283,-4.4259663,-5.2954216,-5.809209,-3.6363785,-4.0006557,-5.508606,-1.3707767,FAKE
0.34204012,0.030331053,2086.8834911620447,1172.057672208485,2968.0822392288833,0.14437057458466773,-445.01382,83.2948,5.3541145,15.336353,6.719515,-4.9459453,-10.324654,-12.038893,-14.228836,-6.83357,-7.8210764,-4.0301723,-0.6365743,-7.010884,-2.2965596,4.8953004,-5.335468,-5.8839903,0.22335765,-3.412957,FAKE
0.2941598,0.028103516,2035.6136170785585,1204.6293878051754,2980.676318398469,0.12341396554743796,-454.23413,58.918896,-8.099765,6.1123013,-12.027114,-15.914691,-12.64426,-7.598529,-7.2381577,-2.3994844,-4.774486,-8.365626,-6.2684636,-3.7190006,-5.1620708,-5.746493,-2.6872,-4.010827,-6.3409257,-1.6854849,FAKE
0.42100728,0.022708835,1768.6065949492363,988.311459971071,2584.86770299197,0.12736922225715944,-479.4066,71.97503,-0.9606945,17.540611,11.712852,-6.7874656,-0.6679085,-1.1184975,-13.73459,-1.0601851,-0.33410946,-3.034586,-1.187521,-3.2570295,0.36970365,2.24224,-4.53144,-2.651715,-0.6054866,-3.4097946,FAKE
0.34098336,0.02730637,1885.1397126517036,1281.340527444262,2816.5246355275253,0.11285570457623839,-480.59613,63.7744,-5.1692104,9.626943,-13.565618,-9.024877,-6.11912,-12.297336,-8.636476,-5.8970256,-6.099163,-8.899252,-7.1953473,-1.9271092,-7.1534247,-4.8706613,-4.3445415,-4.530949,-4.069144,-3.2513824,FAKE
0.39716545,0.02850761,2422.34511950432,1106.4519605145651,3343.4547825863488,0.17172231762770898,-458.16302,73.23568,8.999982,20.376001,10.499073,-4.076791,-0.9750431,-1.7677956,-12.58355,-3.7971895,-1.5139983,-3.0786302,-2.87903,-2.0214565,-0.34313577,0.77444494,-4.976729,-1.7519958,-0.35833734,-4.3292847,FAKE
0.33687246,0.026557598,2881.7049003131797,1112.0491124997618,3787.1854327411475,0.1827505956124226,-478.8241,69.80355,6.1713495,12.593709,1.0090206,-9.555789,-5.9225636,-4.9417953,-9.562378,-3.4362876,-5.235442,-7.853964,-5.9350653,-1.488504,-5.1207047,-5.278588,-4.527907,-2.9525537,-4.7891827,-3.0919375,FAKE
0.3635604,0.030241508,2791.599750688712,1060.8869993964995,3638.3279995283474,0.1971382637142028,-464.54703,77.79385,14.551519,20.36651,9.322628,0.5699996,-3.3199205,-5.130783,-10.413278,-4.3901677,-6.663893,-4.539271,-1.0273578,-5.204325,-3.3244486,3.5692902,-3.7921612,-4.6800337,-0.015626771,-2.3742907,FAKE
0.3488192,0.027813695,2589.931138801876,1214.467790985929,3569.778414038313,0.17758169262770898,-477.19785,69.80531,0.49668586,14.947964,0.13563068,-8.82602,-7.595624,-10.78344,-9.085539,-6.591404,-6.1893153,-2.1409953,-7.4012733,-1.8988631,-0.8664698,-6.2635546,-4.896846,-0.6496968,-5.772592,-2.8082345,FAKE
0.38172022,0.026570572,2730.036185876556,1147.0128894138602,3617.6947909612036,0.15688416094233745,-486.63672,80.1367,14.3847685,21.004011,11.250289,1.3717029,-1.4686655,0.62045723,-9.855397,-1.2436169,-3.304624,-2.2437582,-1.189394,-3.959264,1.739053,2.4392366,-3.0985563,-1.9282204,0.5599528,-1.7206708,FAKE
0.3595779,0.030425636,1926.0378307609064,1041.7214860808804,2764.6666157725426,0.13640280330882354,-450.45337,91.39573,7.1873097,16.77316,9.345917,-6.0189977,-6.2777143,-3.5691984,-18.763786,-9.838729,-0.5708976,-3.2954872,-3.8611524,-3.7821736,-1.1119245,2.481253,-3.5693948,-4.9081073,-2.4833894,-1.6265689,FAKE
